http://id.loc.gov/ontologies/bibframe/Work	class	http://id.loc.gov/ontologies/bibframe/Work	Work	Resource reflecting a conceptual essence of a cataloging resource.	
http://id.loc.gov/ontologies/bibframe/Instance	class	http://id.loc.gov/ontologies/bibframe/Instance	Instance	Resource reflecting an individual, material embodiment of a Work.	
http://id.loc.gov/ontologies/bibframe/Item	class	http://id.loc.gov/ontologies/bibframe/Item	Item	Single example of an Instance.	
http://id.loc.gov/ontologies/bibframe/Text	class	http://id.loc.gov/ontologies/bibframe/Text	Text	Resource intended to be perceived visually and understood through the use of language in written or spoken form.	http://id.loc.gov/ontologies/bibframe/Work
http://id.loc.gov/ontologies/bibframe/Cartography	class	http://id.loc.gov/ontologies/bibframe/Cartography	Cartography	Resource that shows spatial information, including maps, atlases, globes, digital, and other cartographic resources.	http://id.loc.gov/ontologies/bibframe/Work
http://id.loc.gov/ontologies/bibframe/Audio	class	http://id.loc.gov/ontologies/bibframe/Audio	Audio	Resources expressed in an audible form, including music or other sounds.	http://id.loc.gov/ontologies/bibframe/Work
http://id.loc.gov/ontologies/bibframe/NotatedMusic	class	http://id.loc.gov/ontologies/bibframe/NotatedMusic	Notated music	Graphic, non-realized representations of musical works intended to be perceived visually.	http://id.loc.gov/ontologies/bibframe/Work
http://id.loc.gov/ontologies/bibframe/NotatedMovement	class	http://id.loc.gov/ontologies/bibframe/NotatedMovement	Notated movement	Graphic, non-realized representations of movement intended to be perceived visually, e.g. dance.	http://id.loc.gov/ontologies/bibframe/Work
http://id.loc.gov/ontologies/bibframe/Dataset	class	http://id.loc.gov/ontologies/bibframe/Dataset	Dataset	Data encoded in a defined structure. Includes numeric data, environmental data,etc., used by applications software to calculate averages, correlations, etc., or to produce models, etc., but not normally displayed in its raw form.	http://id.loc.gov/ontologies/bibframe/Work
http://id.loc.gov/ontologies/bibframe/StillImage	class	http://id.loc.gov/ontologies/bibframe/StillImage	Still image	Resource expressed through line, shape, shading, etc., intended to be perceived visually as a still image or images in two dimensions. Includes two-dimensional images and slides and transparencies.	http://id.loc.gov/ontologies/bibframe/Work
http://id.loc.gov/ontologies/bibframe/MovingImage	class	http://id.loc.gov/ontologies/bibframe/MovingImage	Moving image	Images intended to be perceived as moving, including motion pictures (using liveaction and/or animation), video recordings of performances, events,etc.	http://id.loc.gov/ontologies/bibframe/Work
http://id.loc.gov/ontologies/bibframe/Object	class	http://id.loc.gov/ontologies/bibframe/Object	Three-dimensional object	Resource in a form intended to be perceived visually in three-dimensions. Includes man-made objects such as models, sculptures, clothing, and toys, as well as naturally occurring objects such as specimens mounted for viewing.	http://id.loc.gov/ontologies/bibframe/Work
http://id.loc.gov/ontologies/bibframe/Multimedia	class	http://id.loc.gov/ontologies/bibframe/Multimedia	Software or multimedia	Electronic resource that is a computer program (i.e., digitally encoded instructions intended to be processed and performed by a computer) or which consists of multiple media types that are software driven, such as videogames.	http://id.loc.gov/ontologies/bibframe/Work
http://id.loc.gov/ontologies/bibframe/MixedMaterial	class	http://id.loc.gov/ontologies/bibframe/MixedMaterial	Mixed material	Resource comprised of multiple types which are not driven by software. This may include materials in two or more forms that are related by virtue of their having been accumulated by or about a person or body., archival fonds.	http://id.loc.gov/ontologies/bibframe/Work
http://id.loc.gov/ontologies/bibframe/Print	class	http://id.loc.gov/ontologies/bibframe/Print	Printed	Resource that is printed.	http://id.loc.gov/ontologies/bibframe/Instance
http://id.loc.gov/ontologies/bibframe/Manuscript	class	http://id.loc.gov/ontologies/bibframe/Manuscript	Manuscript	Resource that is written in handwriting or typescript. These are generally unique resources.	http://id.loc.gov/ontologies/bibframe/Instance
http://id.loc.gov/ontologies/bibframe/Archival	class	http://id.loc.gov/ontologies/bibframe/Archival	Archival controlled	Resources organically created, accumulated, and/or used by a person, family, or organization in the course of conduct of affairs and preserved because of their continuing value.	http://id.loc.gov/ontologies/bibframe/Instance
http://id.loc.gov/ontologies/bibframe/Tactile	class	http://id.loc.gov/ontologies/bibframe/Tactile	Tactile material	Resource that is intended to be perceived by touch.	http://id.loc.gov/ontologies/bibframe/Instance
http://id.loc.gov/ontologies/bibframe/Collection	class	http://id.loc.gov/ontologies/bibframe/Collection	Collection	Aggregation of resources, generally gathered together artificially.	
http://id.loc.gov/ontologies/bibframe/Electronic	class	http://id.loc.gov/ontologies/bibframe/Electronic	Electronic	Resource that is intended for manipulation by a computer, accessed either directly or remotely.	http://id.loc.gov/ontologies/bibframe/Instance
http://id.loc.gov/ontologies/bibframe/Note	class	http://id.loc.gov/ontologies/bibframe/Note	Note	Information, usually in textual form, on attributes of a resource or some aspect of a resource.	
http://id.loc.gov/ontologies/bibframe/Identifier	class	http://id.loc.gov/ontologies/bibframe/Identifier	Identifier	Token or name that is associated with a resource, such as a URI or an ISBN.	
http://id.loc.gov/ontologies/bibframe/Unit	class	http://id.loc.gov/ontologies/bibframe/Unit	Unit	Units in which a value is expressed.	
http://id.loc.gov/ontologies/bibframe/Role	class	http://id.loc.gov/ontologies/bibframe/Role	Role	Function played or provided by a contributor, e.g., author, illustrator, etc.	
http://id.loc.gov/ontologies/bibframe/Source	class	http://id.loc.gov/ontologies/bibframe/Source	Source	Resource from which value or label came or was derived.	
http://id.loc.gov/ontologies/bibframe/Status	class	http://id.loc.gov/ontologies/bibframe/Status	Status	Designation of the validity or position of something, e.g., whether something is incorrect or available.	
http://id.loc.gov/ontologies/bibframe/Agent	class	http://id.loc.gov/ontologies/bibframe/Agent	Agent	Entity having a role in a resource, such as a person or organization.	http://xmlns.com/foaf/0.1/Agent
http://id.loc.gov/ontologies/bibframe/Person	class	http://id.loc.gov/ontologies/bibframe/Person	Person	Individual or identity established by an individual (either alone or in collaboration with one or more other individuals).	http://xmlns.com/foaf/0.1/Person
http://id.loc.gov/ontologies/bibframe/Family	class	http://id.loc.gov/ontologies/bibframe/Family	Family	Two or more persons related by birth, marriage, adoption, civil union, or similar legal status, or who otherwise present themselves as a family.	http://id.loc.gov/ontologies/bibframe/Agent
http://id.loc.gov/ontologies/bibframe/Organization	class	http://id.loc.gov/ontologies/bibframe/Organization	Organization	Corporation or group of persons and/or organizations that acts, or may act, as a unit.	http://id.loc.gov/ontologies/bibframe/Agent
http://id.loc.gov/ontologies/bibframe/Jurisdiction	class	http://id.loc.gov/ontologies/bibframe/Jurisdiction	Jurisdiction	Legal or political unit administering a geographic area.	http://id.loc.gov/ontologies/bibframe/Agent
http://id.loc.gov/ontologies/bibframe/Meeting	class	http://id.loc.gov/ontologies/bibframe/Meeting	Meeting	Gathering of individuals or representatives of various bodies for the purpose of discussing and/or acting on topics of common interest.	http://id.loc.gov/ontologies/bibframe/Agent
http://id.loc.gov/ontologies/bibframe/Topic	class	http://id.loc.gov/ontologies/bibframe/Topic	Topic	Concept or area of knowledge.	
http://id.loc.gov/ontologies/bibframe/Temporal	class	http://id.loc.gov/ontologies/bibframe/Temporal	Temporal concept	Chronological period.	
http://id.loc.gov/ontologies/bibframe/Place	class	http://id.loc.gov/ontologies/bibframe/Place	Place	Geographic location.	
http://id.loc.gov/ontologies/bibframe/Event	class	http://id.loc.gov/ontologies/bibframe/Event	Event entity	Something that happens at a certain time and location, such as a performance, speech, or athletic event, that is documented by a resource.	
http://id.loc.gov/ontologies/bibframe/Contribution	class	http://id.loc.gov/ontologies/bibframe/Contribution	Contribution	Agent and role with respect to the resource being described.	
http://id.loc.gov/ontologies/bibframe/Content	class	http://id.loc.gov/ontologies/bibframe/Content	Content type	Categorization reflecting the fundamental form of communication in which the content is expressed and the human sense through which it is intended to be perceived.	
http://id.loc.gov/ontologies/bibframe/Media	class	http://id.loc.gov/ontologies/bibframe/Media	Media type	Categorization reflecting the general type of intermediation device required to view, play, run, etc., the content of a resource.	
http://id.loc.gov/ontologies/bibframe/Carrier	class	http://id.loc.gov/ontologies/bibframe/Carrier	Carrier type	Categorization reflecting the format of the storage medium and housing of a carrier.	
http://id.loc.gov/ontologies/bibframe/GenreForm	class	http://id.loc.gov/ontologies/bibframe/GenreForm	Genre/form	Characteristics of works with similar plots, themes, settings, etc. (e.g., westerns, thrillers), or with a particular format of purpose (e.g., animation, short), or a combination (e.g., horror film where horror is the genre and film is the form).	
http://id.loc.gov/ontologies/bibframe/Title	class	http://id.loc.gov/ontologies/bibframe/Title	Title entity	Title information relating to a resource: work title, preferred title, instance title, transcribed title, translated title, variant form of title, etc.	
http://id.loc.gov/ontologies/bibframe/VariantTitle	class	http://id.loc.gov/ontologies/bibframe/VariantTitle	Title variation	Title associated with the resource that is different from the Work or Instance title.	http://id.loc.gov/ontologies/bibframe/Title
http://id.loc.gov/ontologies/bibframe/KeyTitle	class	http://id.loc.gov/ontologies/bibframe/KeyTitle	Key title	Unique title for a continuing resource that is assigned by the ISSN International Center in conjunction with an ISSN.	http://id.loc.gov/ontologies/bibframe/VariantTitle
http://id.loc.gov/ontologies/bibframe/AbbreviatedTitle	class	http://id.loc.gov/ontologies/bibframe/AbbreviatedTitle	Abbreviated title	Title as abbreviated for citation, indexing, and/or identification.	http://id.loc.gov/ontologies/bibframe/VariantTitle
http://id.loc.gov/ontologies/bibframe/ParallelTitle	class	http://id.loc.gov/ontologies/bibframe/ParallelTitle	Parallel title proper	Title in another language and/or script.	http://id.loc.gov/ontologies/bibframe/VariantTitle
http://id.loc.gov/ontologies/bibframe/CollectiveTitle	class	http://id.loc.gov/ontologies/bibframe/CollectiveTitle	Collective title	Title for a compilation of resources.	http://id.loc.gov/ontologies/bibframe/VariantTitle
http://id.loc.gov/ontologies/bibframe/Language	class	http://id.loc.gov/ontologies/bibframe/Language	Language entity	Language entity.	
http://id.loc.gov/ontologies/bibframe/MusicMedium	class	http://id.loc.gov/ontologies/bibframe/MusicMedium	Music medium information	Summary statement of the medium for a musical work.	
http://id.loc.gov/ontologies/bibframe/MusicInstrument	class	http://id.loc.gov/ontologies/bibframe/MusicInstrument	Musical instrument	Instrument for which a musical work is appropriate.	
http://id.loc.gov/ontologies/bibframe/MusicEnsemble	class	http://id.loc.gov/ontologies/bibframe/MusicEnsemble	Music ensemble	Ensemble for which a musical work is appropriate.	
http://id.loc.gov/ontologies/bibframe/MusicVoice	class	http://id.loc.gov/ontologies/bibframe/MusicVoice	Music voice	Voice for which a musical work is appropriate.	
http://id.loc.gov/ontologies/bibframe/GeographicCoverage	class	http://id.loc.gov/ontologies/bibframe/GeographicCoverage	Geographic coverage	Geographic coverage of the content of the resource.	
http://id.loc.gov/ontologies/bibframe/IntendedAudience	class	http://id.loc.gov/ontologies/bibframe/IntendedAudience	Intended audience information	Information that identifies the specific intended or target audience or intellectual level for which the content described is considered appropriate. Also used to record interest and motivation levels and special learner characteristics.	
http://id.loc.gov/ontologies/bibframe/Arrangement	class	http://id.loc.gov/ontologies/bibframe/Arrangement	Organization of materials information	Information about the organization and arrangement of a collection of items. For instance, for computer files, organization and arrangement information may be the file structure and sort sequence of a file; for visual materials, this information may be how a collection is arranged.	
http://id.loc.gov/ontologies/bibframe/Dissertation	class	http://id.loc.gov/ontologies/bibframe/Dissertation	Dissertation information	Information about a work presented as part of the formal requirements for an academic degree.	
http://id.loc.gov/ontologies/bibframe/Summary	class	http://id.loc.gov/ontologies/bibframe/Summary	Summary	Description of the content of a resource, such as an abstract, summary, etc..	
http://id.loc.gov/ontologies/bibframe/Capture	class	http://id.loc.gov/ontologies/bibframe/Capture	Capture of content	Information about place and date associated with the capture (i.e., recording, filming, etc.) of the content of a resource.	
http://id.loc.gov/ontologies/bibframe/Notation	class	http://id.loc.gov/ontologies/bibframe/Notation	Notation	Information on the alphabet, script, or symbol system used to convey the content of the resource, including specialized scripts, typefaces, tactile notation, movement notation, and musical notation.	
http://id.loc.gov/ontologies/bibframe/ContentAccessibility	class	http://id.loc.gov/ontologies/bibframe/ContentAccessibility	Content accessibility information	Information that assists those with a sensory impairment for greater understanding of content, e.g., captions.	
http://id.loc.gov/ontologies/bibframe/Script	class	http://id.loc.gov/ontologies/bibframe/Script	Script used	Information on the script, or symbol system used to convey the content of a text resource.	http://id.loc.gov/ontologies/bibframe/Notation
http://id.loc.gov/ontologies/bibframe/MusicNotation	class	http://id.loc.gov/ontologies/bibframe/MusicNotation	Music notation used	Information on the symbol system used to convey the content of a music resource.	http://id.loc.gov/ontologies/bibframe/Notation
http://id.loc.gov/ontologies/bibframe/TactileNotation	class	http://id.loc.gov/ontologies/bibframe/TactileNotation	Tactile notation used	Information on the symbol system used to convey the content of a tactile resource.	http://id.loc.gov/ontologies/bibframe/Notation
http://id.loc.gov/ontologies/bibframe/MovementNotation	class	http://id.loc.gov/ontologies/bibframe/MovementNotation	Movement notation used	Information on the symbol system used to convey the content of a movement resource.	http://id.loc.gov/ontologies/bibframe/Notation
http://id.loc.gov/ontologies/bibframe/Illustration	class	http://id.loc.gov/ontologies/bibframe/Illustration	Illustrative content	Information about content intended to illustrate a resource.	
http://id.loc.gov/ontologies/bibframe/SupplementaryContent	class	http://id.loc.gov/ontologies/bibframe/SupplementaryContent	Supplementary material	Index, bibliography, appendix, etc. intended to supplement the primary content of a resource.	
http://id.loc.gov/ontologies/bibframe/ColorContent	class	http://id.loc.gov/ontologies/bibframe/ColorContent	Color content	Color characteristics of a resource, e.g., black and white, multicolored, etc.	
http://id.loc.gov/ontologies/bibframe/SoundContent	class	http://id.loc.gov/ontologies/bibframe/SoundContent	Sound content	Indication of whether the production of sound is an integral part of the resource.	
http://id.loc.gov/ontologies/bibframe/AspectRatio	class	http://id.loc.gov/ontologies/bibframe/AspectRatio	Aspect ratio	Proportional relationship between an image's width and its height.	
http://id.loc.gov/ontologies/bibframe/MusicFormat	class	http://id.loc.gov/ontologies/bibframe/MusicFormat	Notated music format	Layout for content of a resource that is presented in the form of musical notation.	
http://id.loc.gov/ontologies/bibframe/Scale	class	http://id.loc.gov/ontologies/bibframe/Scale	Scale	Ratio of the dimensions of a form contained or embodied in a resource to the dimensions of the entity it represents, e.g., for images or cartographic resources.	
http://id.loc.gov/ontologies/bibframe/Cartographic	class	http://id.loc.gov/ontologies/bibframe/Cartographic	Cartographic information	Content that represents the whole or part of the earth, any celestial body, or imaginary place at any scale.	
http://id.loc.gov/ontologies/bibframe/Projection	class	http://id.loc.gov/ontologies/bibframe/Projection	Projection	Method or system used to represent the surface of the earth or of a celestial sphere on a plane.	
http://id.loc.gov/ontologies/bibframe/Classification	class	http://id.loc.gov/ontologies/bibframe/Classification	Classification entity	System of coding and organizing materials according to their subject.	
http://id.loc.gov/ontologies/bibframe/ClassificationDdc	class	http://id.loc.gov/ontologies/bibframe/ClassificationDdc	DDC Classification	Dewey Decimal Classification number used for subject access.	http://id.loc.gov/ontologies/bibframe/Classification
http://id.loc.gov/ontologies/bibframe/ClassificationLcc	class	http://id.loc.gov/ontologies/bibframe/ClassificationLcc	LCC Classification	Library of Congress Classification number used for subject access.	http://id.loc.gov/ontologies/bibframe/Classification
http://id.loc.gov/ontologies/bibframe/ClassificationUdc	class	http://id.loc.gov/ontologies/bibframe/ClassificationUdc	UDC Classification	Universal Decimal Classification number used for subject access.	http://id.loc.gov/ontologies/bibframe/Classification
http://id.loc.gov/ontologies/bibframe/ClassificationNlm	class	http://id.loc.gov/ontologies/bibframe/ClassificationNlm	NLM classification	National Library of Medicine Classification number used for subject access	http://id.loc.gov/ontologies/bibframe/Classification
http://id.loc.gov/ontologies/bibframe/Frequency	class	http://id.loc.gov/ontologies/bibframe/Frequency	Frequency	Information about intervals at which the parts of a serially produced resource or the updates to an integrating resource are issued.	
http://id.loc.gov/ontologies/bibframe/Issuance	class	http://id.loc.gov/ontologies/bibframe/Issuance	Mode of issuance	Information about whether a resource is issued in one or more parts, the way it is updated, and its intended termination.	
http://id.loc.gov/ontologies/bibframe/ProvisionActivity	class	http://id.loc.gov/ontologies/bibframe/ProvisionActivity	Provider entity	Information about the agent or place relating to the publication, printing, distribution, issue, release, or production of a resource.	
http://id.loc.gov/ontologies/bibframe/Distribution	class	http://id.loc.gov/ontologies/bibframe/Distribution	Distributor	Information relating to distribution of a resource.	http://id.loc.gov/ontologies/bibframe/ProvisionActivity
http://id.loc.gov/ontologies/bibframe/Manufacture	class	http://id.loc.gov/ontologies/bibframe/Manufacture	Manufacturer	Information relating to manufacture of a resource.	http://id.loc.gov/ontologies/bibframe/ProvisionActivity
http://id.loc.gov/ontologies/bibframe/Publication	class	http://id.loc.gov/ontologies/bibframe/Publication	Publisher	Information relating to publication of a resource.	http://id.loc.gov/ontologies/bibframe/ProvisionActivity
http://id.loc.gov/ontologies/bibframe/Production	class	http://id.loc.gov/ontologies/bibframe/Production	Producer	Information relating to production of a resource.	http://id.loc.gov/ontologies/bibframe/ProvisionActivity
http://id.loc.gov/ontologies/bibframe/AcquisitionSource	class	http://id.loc.gov/ontologies/bibframe/AcquisitionSource	Acquisition source	Information about an organization, person, etc., from which a resource may be obtained.	
http://id.loc.gov/ontologies/bibframe/CopyrightRegistration	class	http://id.loc.gov/ontologies/bibframe/CopyrightRegistration	Copyright registration	Copyright or Legal Deposit registration information	
http://id.loc.gov/ontologies/bibframe/CoverArt	class	http://id.loc.gov/ontologies/bibframe/CoverArt	Cover art	Cover illustration of a resource.	
http://id.loc.gov/ontologies/bibframe/Review	class	http://id.loc.gov/ontologies/bibframe/Review	Review	Review of a resource.	
http://id.loc.gov/ontologies/bibframe/TableOfContents	class	http://id.loc.gov/ontologies/bibframe/TableOfContents	Table of contents	Table of contents of a resource.	
http://id.loc.gov/ontologies/bibframe/Extent	class	http://id.loc.gov/ontologies/bibframe/Extent	Extent	Number and type of units and/or subunits making up a resource.	
http://id.loc.gov/ontologies/bibframe/BaseMaterial	class	http://id.loc.gov/ontologies/bibframe/BaseMaterial	Base material	Underlying physical material of a resource.	
http://id.loc.gov/ontologies/bibframe/AppliedMaterial	class	http://id.loc.gov/ontologies/bibframe/AppliedMaterial	Applied material	Physical or chemical substance applied to a base material of a resource.	
http://id.loc.gov/ontologies/bibframe/Emulsion	class	http://id.loc.gov/ontologies/bibframe/Emulsion	Emulsion	Suspension of light-sensitive chemicals used as a coating on a microfilm or microfiche, e.g., silver halide.	
http://id.loc.gov/ontologies/bibframe/Mount	class	http://id.loc.gov/ontologies/bibframe/Mount	Mount	Physical material used for the support or backing to which the base material of a resource has been attached.	
http://id.loc.gov/ontologies/bibframe/ProductionMethod	class	http://id.loc.gov/ontologies/bibframe/ProductionMethod	Production method	Process used to produce a resource	
http://id.loc.gov/ontologies/bibframe/Generation	class	http://id.loc.gov/ontologies/bibframe/Generation	Generation	Relationship between an original carrier and the carrier of a reproduction made from the original.	
http://id.loc.gov/ontologies/bibframe/Layout	class	http://id.loc.gov/ontologies/bibframe/Layout	Layout	Arrangement of text, images, tactile notation, etc., in a resource.	
http://id.loc.gov/ontologies/bibframe/BookFormat	class	http://id.loc.gov/ontologies/bibframe/BookFormat	Book format	Result of folding a printed sheet to form a gathering of leaves.	
http://id.loc.gov/ontologies/bibframe/FontSize	class	http://id.loc.gov/ontologies/bibframe/FontSize	Font size	Size of the type used to represent the characters and symbols in a resource.	
http://id.loc.gov/ontologies/bibframe/Polarity	class	http://id.loc.gov/ontologies/bibframe/Polarity	Polarity	Relationship of the colors and tones in an image to the colors and tones of the object reproduced.	
http://id.loc.gov/ontologies/bibframe/ReductionRatio	class	http://id.loc.gov/ontologies/bibframe/ReductionRatio	Reduction ratio	Size of a micro-image in relation to the original from which it was produced.	
http://id.loc.gov/ontologies/bibframe/SoundCharacteristic	class	http://id.loc.gov/ontologies/bibframe/SoundCharacteristic	Sound characteristic	Technical specification relating to the encoding of sound in a resource.	
http://id.loc.gov/ontologies/bibframe/RecordingMethod	class	http://id.loc.gov/ontologies/bibframe/RecordingMethod	Type of recording	Method used to encode audio content for playback, e.g., analog, digital.	http://id.loc.gov/ontologies/bibframe/SoundCharacteristic
http://id.loc.gov/ontologies/bibframe/RecordingMedium	class	http://id.loc.gov/ontologies/bibframe/RecordingMedium	Recording medium	Type of medium used to record sound on an audio carrier, e.g., magnetic, optical.	http://id.loc.gov/ontologies/bibframe/SoundCharacteristic
http://id.loc.gov/ontologies/bibframe/PlayingSpeed	class	http://id.loc.gov/ontologies/bibframe/PlayingSpeed	Playing speed	Speed at which an audio carrier must be operated to produce the sound intended, e.g., 78 rpm, 19 cm/s.	http://id.loc.gov/ontologies/bibframe/SoundCharacteristic
http://id.loc.gov/ontologies/bibframe/GrooveCharacteristic	class	http://id.loc.gov/ontologies/bibframe/GrooveCharacteristic	Groove characteristic	Groove width of an analog disc or the groove pitch of an analog cylinder, e.g., coarse groove, microgroove	http://id.loc.gov/ontologies/bibframe/SoundCharacteristic
http://id.loc.gov/ontologies/bibframe/TrackConfig	class	http://id.loc.gov/ontologies/bibframe/TrackConfig	Track configuration	Configuration of the audio track on a sound-track film, e.g., center track, edge track.	http://id.loc.gov/ontologies/bibframe/SoundCharacteristic
http://id.loc.gov/ontologies/bibframe/TapeConfig	class	http://id.loc.gov/ontologies/bibframe/TapeConfig	Tape configuration	Number of tracks on an audiotape, e.g., 12 track.	http://id.loc.gov/ontologies/bibframe/SoundCharacteristic
http://id.loc.gov/ontologies/bibframe/PlaybackChannels	class	http://id.loc.gov/ontologies/bibframe/PlaybackChannels	Configuration of playback channels	Configuration/number of sound channels used to make a recording, such as one channel for a monophonic recording, e.g., mono, stereo, quadraphonic, surround.	http://id.loc.gov/ontologies/bibframe/SoundCharacteristic
http://id.loc.gov/ontologies/bibframe/PlaybackCharacteristic	class	http://id.loc.gov/ontologies/bibframe/PlaybackCharacteristic	Special playback characteristics	Equalization system, noise reduction system, etc., used in making an audio recording, e.g., CCIR standard, CX encoded, Dolby.	http://id.loc.gov/ontologies/bibframe/SoundCharacteristic
http://id.loc.gov/ontologies/bibframe/ProjectionCharacteristic	class	http://id.loc.gov/ontologies/bibframe/ProjectionCharacteristic	Projection characteristic	Technical specification relating to the projection of a motion picture film.	
http://id.loc.gov/ontologies/bibframe/PresentationFormat	class	http://id.loc.gov/ontologies/bibframe/PresentationFormat	Presentation format	Format used in the production of a projected image, e.g., Cinerama, IMAX.	http://id.loc.gov/ontologies/bibframe/ProjectionCharacteristic
http://id.loc.gov/ontologies/bibframe/ProjectionSpeed	class	http://id.loc.gov/ontologies/bibframe/ProjectionSpeed	Projection speed	Speed at which a projected carrier must be operated to produce the moving image intended, e.g., 20 fps.	http://id.loc.gov/ontologies/bibframe/ProjectionCharacteristic
http://id.loc.gov/ontologies/bibframe/VideoCharacteristic	class	http://id.loc.gov/ontologies/bibframe/VideoCharacteristic	Video characteristic	Technical specification relating to the encoding of video images in a resource.	
http://id.loc.gov/ontologies/bibframe/VideoFormat	class	http://id.loc.gov/ontologies/bibframe/VideoFormat	Video format	Standard, etc., used to encode the analog video content of a resource, e.g., Beta, 8mm.	http://id.loc.gov/ontologies/bibframe/VideoCharacteristic
http://id.loc.gov/ontologies/bibframe/BroadcastStandard	class	http://id.loc.gov/ontologies/bibframe/BroadcastStandard	Broadcast standard	System used to format a video resource for television broadcast, e.g., HDTV, PAL.	http://id.loc.gov/ontologies/bibframe/VideoCharacteristic
http://id.loc.gov/ontologies/bibframe/DigitalCharacteristic	class	http://id.loc.gov/ontologies/bibframe/DigitalCharacteristic	Digital characteristic	Technical specification relating to the digital encoding of text, image, audio, video, and other types of data in a resource.	
http://id.loc.gov/ontologies/bibframe/FileType	class	http://id.loc.gov/ontologies/bibframe/FileType	File type	General type of data content encoded in a computer file, e.g., text file, audio file.	http://id.loc.gov/ontologies/bibframe/DigitalCharacteristic
http://id.loc.gov/ontologies/bibframe/EncodingFormat	class	http://id.loc.gov/ontologies/bibframe/EncodingFormat	Encoding format	Schema, standard, etc., used to encode the digital content of a resource, e.g., MP3, XML, JPEG.	http://id.loc.gov/ontologies/bibframe/DigitalCharacteristic
http://id.loc.gov/ontologies/bibframe/FileSize	class	http://id.loc.gov/ontologies/bibframe/FileSize	File size	Number of bytes in a digital file, e.g., 162 KB.	http://id.loc.gov/ontologies/bibframe/DigitalCharacteristic
http://id.loc.gov/ontologies/bibframe/Resolution	class	http://id.loc.gov/ontologies/bibframe/Resolution	Resolution	Clarity or fineness of detail in a digital image, expressed by the measurement of the image in pixels, etc., e.g., 3.1 megapixels.	http://id.loc.gov/ontologies/bibframe/DigitalCharacteristic
http://id.loc.gov/ontologies/bibframe/RegionalEncoding	class	http://id.loc.gov/ontologies/bibframe/RegionalEncoding	Regional encoding	Identification of the region of the world for which a videodisc has been encoded, e.g., region 4.	http://id.loc.gov/ontologies/bibframe/DigitalCharacteristic
http://id.loc.gov/ontologies/bibframe/EncodedBitrate	class	http://id.loc.gov/ontologies/bibframe/EncodedBitrate	Encoded bitrate	Speed at which streaming audio, video, etc., is designed to play, e.g., 32 kbps.	http://id.loc.gov/ontologies/bibframe/DigitalCharacteristic
http://id.loc.gov/ontologies/bibframe/CartographicDataType	class	http://id.loc.gov/ontologies/bibframe/CartographicDataType	Digital cartographic data type	Data type for encoding of geospatial information in a cartographic resource, e.g., raster, vector, point.	http://id.loc.gov/ontologies/bibframe/DigitalCharacteristic
http://id.loc.gov/ontologies/bibframe/CartographicObjectType	class	http://id.loc.gov/ontologies/bibframe/CartographicObjectType	Digital cartographic object type	Object type for encoding of geospatial information in a cartographic resource, e.g., point, line, polygon.	http://id.loc.gov/ontologies/bibframe/DigitalCharacteristic
http://id.loc.gov/ontologies/bibframe/ObjectCount	class	http://id.loc.gov/ontologies/bibframe/ObjectCount	Digital cartographic object count	Number of objects in encoded geospatial information in a cartographic resource.	http://id.loc.gov/ontologies/bibframe/DigitalCharacteristic
http://id.loc.gov/ontologies/bibframe/SystemRequirement	class	http://id.loc.gov/ontologies/bibframe/SystemRequirement	System Requirement	Equipment or system requirements beyond what is normal and obvious for the type of carrier or type of file, such as make and model of equipment or hardware, operating system, amount of memory, programming language, other necessary software, any plug-ins or peripherals required to play, view, or run the resource, etc.	
http://id.loc.gov/ontologies/bibframe/EnumerationAndChronology	class	http://id.loc.gov/ontologies/bibframe/EnumerationAndChronology	Enumeration and chronology	Numbering or other enumeration and dates associated with issues or items held.	
http://id.loc.gov/ontologies/bibframe/Enumeration	class	http://id.loc.gov/ontologies/bibframe/Enumeration	Enumeration	Numbering or other enumeration associated with issues or items held.	http://id.loc.gov/ontologies/bibframe/EnumerationAndChronology
http://id.loc.gov/ontologies/bibframe/Chronology	class	http://id.loc.gov/ontologies/bibframe/Chronology	Chronology	Dates associated with issues or items held.	http://id.loc.gov/ontologies/bibframe/EnumerationAndChronology
http://id.loc.gov/ontologies/bibframe/Sublocation	class	http://id.loc.gov/ontologies/bibframe/Sublocation	Sublocation	Specific place within the holding entity where the item is located or made available.	
http://id.loc.gov/ontologies/bibframe/ShelfMark	class	http://id.loc.gov/ontologies/bibframe/ShelfMark	Shelf location	Piece/item identifier, such as a call or other type of number.	http://id.loc.gov/ontologies/bibframe/Identifier
http://id.loc.gov/ontologies/bibframe/ShelfMarkDdc	class	http://id.loc.gov/ontologies/bibframe/ShelfMarkDdc	DDC call number	Shelf mark based on Dewey Decimal Classification.	http://id.loc.gov/ontologies/bibframe/ShelfMark
http://id.loc.gov/ontologies/bibframe/ShelfMarkLcc	class	http://id.loc.gov/ontologies/bibframe/ShelfMarkLcc	LCC call number	Shelf mark based on Library of Congress Classification.	http://id.loc.gov/ontologies/bibframe/ShelfMark
http://id.loc.gov/ontologies/bibframe/ShelfMarkUdc	class	http://id.loc.gov/ontologies/bibframe/ShelfMarkUdc	UDC call number	Shelf mark based on Universal Decimal Classification.	http://id.loc.gov/ontologies/bibframe/ShelfMark
http://id.loc.gov/ontologies/bibframe/ShelfMarkNlm	class	http://id.loc.gov/ontologies/bibframe/ShelfMarkNlm	NLM call number	Shelf mark based on National Library of Medicine Classification.	http://id.loc.gov/ontologies/bibframe/ShelfMark
http://id.loc.gov/ontologies/bibframe/UsageAndAccessPolicy	class	http://id.loc.gov/ontologies/bibframe/UsageAndAccessPolicy	Use and access conditions	General statement of allowances and restrictions on access to a resource, including retention, reproduction, access, and lending.	
http://id.loc.gov/ontologies/bibframe/AccessPolicy	class	http://id.loc.gov/ontologies/bibframe/AccessPolicy	Access policy	Access restrictions and allowances regarding access to a resource, e.g., lending policy, access restrictions, embargos.	http://id.loc.gov/ontologies/bibframe/UsageAndAccessPolicy
http://id.loc.gov/ontologies/bibframe/UsePolicy	class	http://id.loc.gov/ontologies/bibframe/UsePolicy	Use policy	Usage limitations placed on a resource with respect to reproduction, publication, exhibition, etc..	http://id.loc.gov/ontologies/bibframe/UsageAndAccessPolicy
http://id.loc.gov/ontologies/bibframe/RetentionPolicy	class	http://id.loc.gov/ontologies/bibframe/RetentionPolicy	Retention policy	Policy of holding institution for retaining resource.	http://id.loc.gov/ontologies/bibframe/UsageAndAccessPolicy
http://id.loc.gov/ontologies/bibframe/ImmediateAcquisition	class	http://id.loc.gov/ontologies/bibframe/ImmediateAcquisition	Immediate acquisition	Information about the circumstances, e.g., source, date, method, under which the resource was directly acquired.	
http://id.loc.gov/ontologies/bibframe/Ansi	class	http://id.loc.gov/ontologies/bibframe/Ansi	ANSI number	American National Standards Institute identifier.	http://id.loc.gov/ontologies/bibframe/Identifier
http://id.loc.gov/ontologies/bibframe/AudioIssueNumber	class	http://id.loc.gov/ontologies/bibframe/AudioIssueNumber	Audio issue number	Number assigned by publishers of sound recordings to identify the issue designation, or serial identification, of the resource.	http://id.loc.gov/ontologies/bibframe/Identifier
http://id.loc.gov/ontologies/bibframe/AudioTake	class	http://id.loc.gov/ontologies/bibframe/AudioTake	Audio recording take	Identifier assigned to the smallest identifiable unit of a recording session, e.g., a specific recording of an individual song.	http://id.loc.gov/ontologies/bibframe/Identifier
http://id.loc.gov/ontologies/bibframe/Barcode	class	http://id.loc.gov/ontologies/bibframe/Barcode	Barcode	Optical machine-readable representation of data relating to the item to which it is attached.	http://id.loc.gov/ontologies/bibframe/Identifier
http://id.loc.gov/ontologies/bibframe/Coden	class	http://id.loc.gov/ontologies/bibframe/Coden	CODEN	Identifier for scientific and technical periodical titles assigned by the International CODEN Section of Chemical Abstracts Service.	http://id.loc.gov/ontologies/bibframe/Identifier
http://id.loc.gov/ontologies/bibframe/CopyrightNumber	class	http://id.loc.gov/ontologies/bibframe/CopyrightNumber	Copyright-legal deposit number	Identifier assigned to a copyright registration or legal deposit.	http://id.loc.gov/ontologies/bibframe/Identifier
http://id.loc.gov/ontologies/bibframe/DissertationIdentifier	class	http://id.loc.gov/ontologies/bibframe/DissertationIdentifier	Dissertation Identifier	Identifier assigned to a thesis or dissertation for identification purposes .	http://id.loc.gov/ontologies/bibframe/Identifier
http://id.loc.gov/ontologies/bibframe/Doi	class	http://id.loc.gov/ontologies/bibframe/Doi	DOI	Digital Object Identifier.	http://id.loc.gov/ontologies/bibframe/Identifier
http://id.loc.gov/ontologies/bibframe/Ean	class	http://id.loc.gov/ontologies/bibframe/Ean	EAN	International Article Identifier.	http://id.loc.gov/ontologies/bibframe/Identifier
http://id.loc.gov/ontologies/bibframe/Fingerprint	class	http://id.loc.gov/ontologies/bibframe/Fingerprint	Fingerprint identifier	Identifier that is used to assist in the identification of antiquarian books by recording information comprising groups of characters taken from specified positions on specified pages of the book.	http://id.loc.gov/ontologies/bibframe/Identifier
http://id.loc.gov/ontologies/bibframe/Gtin14Number	class	http://id.loc.gov/ontologies/bibframe/Gtin14Number	Global Trade Item Number 14	14 digit number assigned to identify trade items as various packaging levels. GTIN-14 encompasses EAN/UCC-128 and ITF-14.	http://id.loc.gov/ontologies/bibframe/Identifier
http://id.loc.gov/ontologies/bibframe/Hdl	class	http://id.loc.gov/ontologies/bibframe/Hdl	Handle	Unique and persistent identifier for digital objects developed by the Corporation for National Research Initiatives.	http://id.loc.gov/ontologies/bibframe/Identifier
http://id.loc.gov/ontologies/bibframe/Isan	class	http://id.loc.gov/ontologies/bibframe/Isan	ISAN	International Standard Audiovisual Number.	http://id.loc.gov/ontologies/bibframe/Identifier
http://id.loc.gov/ontologies/bibframe/Isbn	class	http://id.loc.gov/ontologies/bibframe/Isbn	ISBN	International Standard Book Number.	http://id.loc.gov/ontologies/bibframe/Identifier
http://id.loc.gov/ontologies/bibframe/Ismn	class	http://id.loc.gov/ontologies/bibframe/Ismn	ISMN	International Standard Music Number.	http://id.loc.gov/ontologies/bibframe/Identifier
http://id.loc.gov/ontologies/bibframe/Isni	class	http://id.loc.gov/ontologies/bibframe/Isni	ISNI	International Standard Name Identifier, a unique, persistent reference number for the identities of contributors to creative works.	http://id.loc.gov/ontologies/bibframe/Identifier
http://id.loc.gov/ontologies/bibframe/Iso	class	http://id.loc.gov/ontologies/bibframe/Iso	ISO number	International Organization for Standardization standard number.	http://id.loc.gov/ontologies/bibframe/Identifier
http://id.loc.gov/ontologies/bibframe/Isrc	class	http://id.loc.gov/ontologies/bibframe/Isrc	ISRC	International Standard Recording Code.	http://id.loc.gov/ontologies/bibframe/Identifier
http://id.loc.gov/ontologies/bibframe/Issn	class	http://id.loc.gov/ontologies/bibframe/Issn	ISSN	International Standard Serial Number.	http://id.loc.gov/ontologies/bibframe/Identifier
http://id.loc.gov/ontologies/bibframe/IssnL	class	http://id.loc.gov/ontologies/bibframe/IssnL	ISSN-L	International Standard Serial Number that links together various media versions of a continuing resource.	http://id.loc.gov/ontologies/bibframe/Identifier
http://id.loc.gov/ontologies/bibframe/Istc	class	http://id.loc.gov/ontologies/bibframe/Istc	ISTC	International Standard Text Code, a numbering system developed to enable the unique identification of textual works.	http://id.loc.gov/ontologies/bibframe/Identifier
http://id.loc.gov/ontologies/bibframe/Iswc	class	http://id.loc.gov/ontologies/bibframe/Iswc	ISWC	International Standard Musical Work Code, a unique, persistent reference number for the identification of musical works.	http://id.loc.gov/ontologies/bibframe/Identifier
http://id.loc.gov/ontologies/bibframe/LcOverseasAcq	class	http://id.loc.gov/ontologies/bibframe/LcOverseasAcq	LC acquisition program	Identification number assigned by the Library of Congress to works acquired through one of its collaborative overseas acquisition programs.	http://id.loc.gov/ontologies/bibframe/Identifier
http://id.loc.gov/ontologies/bibframe/Lccn	class	http://id.loc.gov/ontologies/bibframe/Lccn	LCCN	Library of Congress Control Number that identifies a resource description.	http://id.loc.gov/ontologies/bibframe/Identifier
http://id.loc.gov/ontologies/bibframe/Local	class	http://id.loc.gov/ontologies/bibframe/Local	Local identifier	Identifier established locally and not a standard number.	http://id.loc.gov/ontologies/bibframe/Identifier
http://id.loc.gov/ontologies/bibframe/MatrixNumber	class	http://id.loc.gov/ontologies/bibframe/MatrixNumber	Audio matrix number	Matrix identifier assigned to the master from which a specific sound recording was pressed.	http://id.loc.gov/ontologies/bibframe/Identifier
http://id.loc.gov/ontologies/bibframe/MusicDistributorNumber	class	http://id.loc.gov/ontologies/bibframe/MusicDistributorNumber	Music distributor number	Identifier appearing on a resource assigned by a distributor to a specific audio recording, notated music publication, music-related publication, or videorecording.	http://id.loc.gov/ontologies/bibframe/Identifier
http://id.loc.gov/ontologies/bibframe/MusicPlate	class	http://id.loc.gov/ontologies/bibframe/MusicPlate	Music plate number	Identifiers assigned by a music publisher or printer to the printing plates for the notated portion of a notated music publication, or an identifier that emulates the printing plate tradition in contemporary publications.	http://id.loc.gov/ontologies/bibframe/Identifier
http://id.loc.gov/ontologies/bibframe/MusicPublisherNumber	class	http://id.loc.gov/ontologies/bibframe/MusicPublisherNumber	Music publisher number	Identifier assigned to a notated music publication other than an issue, matrix, or plate number.	http://id.loc.gov/ontologies/bibframe/Identifier
http://id.loc.gov/ontologies/bibframe/Nbn	class	http://id.loc.gov/ontologies/bibframe/Nbn	NBN	National Bibliography Number that identifies a resource description.	http://id.loc.gov/ontologies/bibframe/Identifier
http://id.loc.gov/ontologies/bibframe/PostalRegistration	class	http://id.loc.gov/ontologies/bibframe/PostalRegistration	Postal registration number	Number assigned to a publication for which the specified postal service permits the use of a special mailing class privilege.	http://id.loc.gov/ontologies/bibframe/Identifier
http://id.loc.gov/ontologies/bibframe/PublisherNumber	class	http://id.loc.gov/ontologies/bibframe/PublisherNumber	Other publisher number	Number assigned by a publisher that is not one of the specific defined types.	http://id.loc.gov/ontologies/bibframe/Identifier
http://id.loc.gov/ontologies/bibframe/ReportNumber	class	http://id.loc.gov/ontologies/bibframe/ReportNumber	Technical report number	Identification number of a technical report that is not a Standard Technical Report Number.	http://id.loc.gov/ontologies/bibframe/Identifier
http://id.loc.gov/ontologies/bibframe/Sici	class	http://id.loc.gov/ontologies/bibframe/Sici	SICI	Serial Item and Contribution Identifier.	http://id.loc.gov/ontologies/bibframe/Identifier
http://id.loc.gov/ontologies/bibframe/StockNumber	class	http://id.loc.gov/ontologies/bibframe/StockNumber	Stock number	Identification number used for stock purposes and assigned by agencies such as distributors, publishers, or vendors.	http://id.loc.gov/ontologies/bibframe/Identifier
http://id.loc.gov/ontologies/bibframe/Strn	class	http://id.loc.gov/ontologies/bibframe/Strn	STRN	Standard Technical Report Number.	http://id.loc.gov/ontologies/bibframe/Identifier
http://id.loc.gov/ontologies/bibframe/StudyNumber	class	http://id.loc.gov/ontologies/bibframe/StudyNumber	Study number	Identification number for a computer data file.	http://id.loc.gov/ontologies/bibframe/Identifier
http://id.loc.gov/ontologies/bibframe/Upc	class	http://id.loc.gov/ontologies/bibframe/Upc	UPC	Universal Product Code.	http://id.loc.gov/ontologies/bibframe/Identifier
http://id.loc.gov/ontologies/bibframe/Urn	class	http://id.loc.gov/ontologies/bibframe/Urn	URN	Uniform Resource Number.	http://id.loc.gov/ontologies/bibframe/Identifier
http://id.loc.gov/ontologies/bibframe/VideoRecordingNumber	class	http://id.loc.gov/ontologies/bibframe/VideoRecordingNumber	Video recording number	Number assigned by a publisher to a video recording.	http://id.loc.gov/ontologies/bibframe/Identifier
http://id.loc.gov/ontologies/bibframe/AdminMetadata	class	http://id.loc.gov/ontologies/bibframe/AdminMetadata	Administrative metadata	Metadata about the metadata, especially provenance information.	
http://id.loc.gov/ontologies/bibframe/DescriptionConventions	class	http://id.loc.gov/ontologies/bibframe/DescriptionConventions	Description conventions	Rules used for the descriptive content of the resource description.	http://id.loc.gov/ontologies/bibframe/AdminMetadata
http://id.loc.gov/ontologies/bibframe/GenerationProcess	class	http://id.loc.gov/ontologies/bibframe/GenerationProcess	Generation process	Indication of the program or process used to generate the description by application of a particular transformation.	http://id.loc.gov/ontologies/bibframe/AdminMetadata
http://id.loc.gov/ontologies/bibframe/DescriptionAuthentication	class	http://id.loc.gov/ontologies/bibframe/DescriptionAuthentication	Metadata authentication	Indication of specific types of reviews that have been carried out on the description information.	http://id.loc.gov/ontologies/bibframe/AdminMetadata
http://id.loc.gov/ontologies/bibframe/qualifier	property	http://id.loc.gov/ontologies/bibframe/qualifier	Qualifier	Used with Unspecified			rdfs:Literal		10000
http://id.loc.gov/ontologies/bibframe/date	property	http://id.loc.gov/ontologies/bibframe/date	Date	Used with Unspecified			rdfs:Literal		10000
http://id.loc.gov/ontologies/bibframe/count	property	http://id.loc.gov/ontologies/bibframe/count	Number of units	Used with Unspecified			rdfs:Literal		10000
http://id.loc.gov/ontologies/bibframe/code	property	http://id.loc.gov/ontologies/bibframe/code	Code	Used with Unspecified			rdfs:Literal		10000
http://id.loc.gov/ontologies/bibframe/part	property	http://id.loc.gov/ontologies/bibframe/part	Part	Used with Unspecified			rdfs:Literal		10000
http://id.loc.gov/ontologies/bibframe/mainTitle	property	http://id.loc.gov/ontologies/bibframe/mainTitle	Main title	Indication of specific types of reviews that have been carried out on the description information.		http://id.loc.gov/ontologies/bibframe/Title	rdfs:Literal		10000
http://id.loc.gov/ontologies/bibframe/subtitle	property	http://id.loc.gov/ontologies/bibframe/subtitle	Subtitle	Indication of specific types of reviews that have been carried out on the description information.		http://id.loc.gov/ontologies/bibframe/Title	rdfs:Literal		10000
http://id.loc.gov/ontologies/bibframe/partNumber	property	http://id.loc.gov/ontologies/bibframe/partNumber	Part number	Indication of specific types of reviews that have been carried out on the description information.		http://id.loc.gov/ontologies/bibframe/Title	rdfs:Literal		10000
http://id.loc.gov/ontologies/bibframe/partName	property	http://id.loc.gov/ontologies/bibframe/partName	Part title	Indication of specific types of reviews that have been carried out on the description information.		http://id.loc.gov/ontologies/bibframe/Title	rdfs:Literal		10000
http://id.loc.gov/ontologies/bibframe/variantType	property	http://id.loc.gov/ontologies/bibframe/variantType	Variant title type	Indication of specific types of reviews that have been carried out on the description information.		http://id.loc.gov/ontologies/bibframe/VariantTitle	rdfs:Literal		10000
http://id.loc.gov/ontologies/bibframe/originDate	property	http://id.loc.gov/ontologies/bibframe/originDate	Associated title date	Indication of specific types of reviews that have been carried out on the description information.	http://id.loc.gov/ontologies/bibframe/date	http://id.loc.gov/ontologies/bibframe/Work	rdfs:Literal		10000
http://id.loc.gov/ontologies/bibframe/historyOfWork	property	http://id.loc.gov/ontologies/bibframe/historyOfWork	History of the work	Indication of specific types of reviews that have been carried out on the description information.		http://id.loc.gov/ontologies/bibframe/Work	rdfs:Literal		10000
http://id.loc.gov/ontologies/bibframe/instrumentalType	property	http://id.loc.gov/ontologies/bibframe/instrumentalType	Instrument role	Indication of specific types of reviews that have been carried out on the description information.		http://id.loc.gov/ontologies/bibframe/MusicInstrument	rdfs:Literal		10000
http://id.loc.gov/ontologies/bibframe/ensembleType	property	http://id.loc.gov/ontologies/bibframe/ensembleType	Ensemble type	Indication of specific types of reviews that have been carried out on the description information.		http://id.loc.gov/ontologies/bibframe/MusicEnsemble	rdfs:Literal		10000
http://id.loc.gov/ontologies/bibframe/voiceType	property	http://id.loc.gov/ontologies/bibframe/voiceType	Type of voice	Indication of specific types of reviews that have been carried out on the description information.		http://id.loc.gov/ontologies/bibframe/MusicVoice	rdfs:Literal		10000
http://id.loc.gov/ontologies/bibframe/musicSerialNumber	property	http://id.loc.gov/ontologies/bibframe/musicSerialNumber	Music serial number	Indication of specific types of reviews that have been carried out on the description information.		http://id.loc.gov/ontologies/bibframe/Work	rdfs:Literal		10000
http://id.loc.gov/ontologies/bibframe/musicOpusNumber	property	http://id.loc.gov/ontologies/bibframe/musicOpusNumber	Music opus number	Indication of specific types of reviews that have been carried out on the description information.		http://id.loc.gov/ontologies/bibframe/Work	rdfs:Literal		10000
http://id.loc.gov/ontologies/bibframe/musicThematicNumber	property	http://id.loc.gov/ontologies/bibframe/musicThematicNumber	Music thematic number	Indication of specific types of reviews that have been carried out on the description information.		http://id.loc.gov/ontologies/bibframe/Work	rdfs:Literal		10000
http://id.loc.gov/ontologies/bibframe/musicKey	property	http://id.loc.gov/ontologies/bibframe/musicKey	Music key	Indication of specific types of reviews that have been carried out on the description information.		http://id.loc.gov/ontologies/bibframe/Work	rdfs:Literal		10000
http://id.loc.gov/ontologies/bibframe/legalDate	property	http://id.loc.gov/ontologies/bibframe/legalDate	Date of legal work	Indication of specific types of reviews that have been carried out on the description information.	http://id.loc.gov/ontologies/bibframe/date	http://id.loc.gov/ontologies/bibframe/Work	rdfs:Literal		10000
http://id.loc.gov/ontologies/bibframe/version	property	http://id.loc.gov/ontologies/bibframe/version	Version	Indication of specific types of reviews that have been carried out on the description information.		http://id.loc.gov/ontologies/bibframe/Work	rdfs:Literal		10000
http://id.loc.gov/ontologies/bibframe/natureOfContent	property	http://id.loc.gov/ontologies/bibframe/natureOfContent	Content nature	Used with Work or Instance			rdfs:Literal		10000
http://id.loc.gov/ontologies/bibframe/temporalCoverage	property	http://id.loc.gov/ontologies/bibframe/temporalCoverage	Temporal coverage	Indication of specific types of reviews that have been carried out on the description information.		http://id.loc.gov/ontologies/bibframe/Work	rdfs:Literal		10000
http://id.loc.gov/ontologies/bibframe/pattern	property	http://id.loc.gov/ontologies/bibframe/pattern	Arrangement of material	Indication of specific types of reviews that have been carried out on the description information.		http://id.loc.gov/ontologies/bibframe/Arrangement	rdfs:Literal		10000
http://id.loc.gov/ontologies/bibframe/hierarchicalLevel	property	http://id.loc.gov/ontologies/bibframe/hierarchicalLevel	Hierarchical level of material	Indication of specific types of reviews that have been carried out on the description information.		http://id.loc.gov/ontologies/bibframe/Arrangement	rdfs:Literal		10000
http://id.loc.gov/ontologies/bibframe/organization	property	http://id.loc.gov/ontologies/bibframe/organization	Organization of material	Indication of specific types of reviews that have been carried out on the description information.		http://id.loc.gov/ontologies/bibframe/Arrangement	rdfs:Literal		10000
http://id.loc.gov/ontologies/bibframe/degree	property	http://id.loc.gov/ontologies/bibframe/degree	Degree	Indication of specific types of reviews that have been carried out on the description information.		http://id.loc.gov/ontologies/bibframe/Dissertation	rdfs:Literal		10000
http://id.loc.gov/ontologies/bibframe/duration	property	http://id.loc.gov/ontologies/bibframe/duration	Duration	Used with Work or Instance			rdfs:Literal		10000
http://id.loc.gov/ontologies/bibframe/ascensionAndDeclination	property	http://id.loc.gov/ontologies/bibframe/ascensionAndDeclination	Cartographic ascension and declination	Indication of specific types of reviews that have been carried out on the description information.		http://id.loc.gov/ontologies/bibframe/Cartographic	rdfs:Literal		10000
http://id.loc.gov/ontologies/bibframe/coordinates	property	http://id.loc.gov/ontologies/bibframe/coordinates	Cartographic coordinates	Indication of specific types of reviews that have been carried out on the description information.		http://id.loc.gov/ontologies/bibframe/Cartographic	rdfs:Literal		10000
http://id.loc.gov/ontologies/bibframe/equinox	property	http://id.loc.gov/ontologies/bibframe/equinox	Cartographic equinox	Indication of specific types of reviews that have been carried out on the description information.		http://id.loc.gov/ontologies/bibframe/Cartographic	rdfs:Literal		10000
http://id.loc.gov/ontologies/bibframe/exclusionGRing	property	http://id.loc.gov/ontologies/bibframe/exclusionGRing	Cartographic G ring area excluded	Indication of specific types of reviews that have been carried out on the description information.		http://id.loc.gov/ontologies/bibframe/Cartographic	rdfs:Literal		10000
http://id.loc.gov/ontologies/bibframe/outerGRing	property	http://id.loc.gov/ontologies/bibframe/outerGRing	Cartographic outer G ring area covered	Indication of specific types of reviews that have been carried out on the description information.		http://id.loc.gov/ontologies/bibframe/Cartographic	rdfs:Literal		10000
http://id.loc.gov/ontologies/bibframe/awards	property	http://id.loc.gov/ontologies/bibframe/awards	Award note	Used with Work or Instance			rdfs:Literal		10000
http://id.loc.gov/ontologies/bibframe/credits	property	http://id.loc.gov/ontologies/bibframe/credits	Credits note	Used with Work or Instance			rdfs:Literal		10000
http://id.loc.gov/ontologies/bibframe/schedulePart	property	http://id.loc.gov/ontologies/bibframe/schedulePart	Classification designation	Indication of specific types of reviews that have been carried out on the description information.		http://id.loc.gov/ontologies/bibframe/Classification	rdfs:Literal		10000
http://id.loc.gov/ontologies/bibframe/edition	property	http://id.loc.gov/ontologies/bibframe/edition	Classification scheme edition	Indication of specific types of reviews that have been carried out on the description information.		http://id.loc.gov/ontologies/bibframe/Classification	rdfs:Literal		10000
http://id.loc.gov/ontologies/bibframe/itemPortion	property	http://id.loc.gov/ontologies/bibframe/itemPortion	Classification item number	Indication of specific types of reviews that have been carried out on the description information.		http://id.loc.gov/ontologies/bibframe/Classification	rdfs:Literal		10000
http://id.loc.gov/ontologies/bibframe/classificationPortion	property	http://id.loc.gov/ontologies/bibframe/classificationPortion	Classification number	Indication of specific types of reviews that have been carried out on the description information.		http://id.loc.gov/ontologies/bibframe/Classification	rdfs:Literal		10000
http://id.loc.gov/ontologies/bibframe/spanEnd	property	http://id.loc.gov/ontologies/bibframe/spanEnd	Classification number span end	Indication of specific types of reviews that have been carried out on the description information.		http://id.loc.gov/ontologies/bibframe/Classification	rdfs:Literal		10000
http://id.loc.gov/ontologies/bibframe/table	property	http://id.loc.gov/ontologies/bibframe/table	Classification table identification	Indication of specific types of reviews that have been carried out on the description information.		http://id.loc.gov/ontologies/bibframe/Classification	rdfs:Literal		10000
http://id.loc.gov/ontologies/bibframe/tableSeq	property	http://id.loc.gov/ontologies/bibframe/tableSeq	Classification table sequence number	Indication of specific types of reviews that have been carried out on the description information.		http://id.loc.gov/ontologies/bibframe/Classification	rdfs:Literal		10000
http://id.loc.gov/ontologies/bibframe/responsibilityStatement	property	http://id.loc.gov/ontologies/bibframe/responsibilityStatement	Creative responsibility statement	Indication of specific types of reviews that have been carried out on the description information.		http://id.loc.gov/ontologies/bibframe/Instance	rdfs:Literal		10000
http://id.loc.gov/ontologies/bibframe/editionStatement	property	http://id.loc.gov/ontologies/bibframe/editionStatement	Edition statement	Indication of specific types of reviews that have been carried out on the description information.		http://id.loc.gov/ontologies/bibframe/Instance	rdfs:Literal		10000
http://id.loc.gov/ontologies/bibframe/editionEnumeration	property	http://id.loc.gov/ontologies/bibframe/editionEnumeration	Edition enumeration	Indication of specific types of reviews that have been carried out on the description information.		http://id.loc.gov/ontologies/bibframe/Instance	rdfs:Literal		10000
http://id.loc.gov/ontologies/bibframe/provisionActivityStatement	property	http://id.loc.gov/ontologies/bibframe/provisionActivityStatement	Provider statement	Indication of specific types of reviews that have been carried out on the description information.		http://id.loc.gov/ontologies/bibframe/Instance	rdfs:Literal		10000
http://id.loc.gov/ontologies/bibframe/seriesStatement	property	http://id.loc.gov/ontologies/bibframe/seriesStatement	Series statement	Indication of specific types of reviews that have been carried out on the description information.		http://id.loc.gov/ontologies/bibframe/Instance	rdfs:Literal		10000
http://id.loc.gov/ontologies/bibframe/seriesEnumeration	property	http://id.loc.gov/ontologies/bibframe/seriesEnumeration	Series enumeration	Indication of specific types of reviews that have been carried out on the description information.		http://id.loc.gov/ontologies/bibframe/Instance	rdfs:Literal		10000
http://id.loc.gov/ontologies/bibframe/subseriesStatement	property	http://id.loc.gov/ontologies/bibframe/subseriesStatement	Subseries statement	Indication of specific types of reviews that have been carried out on the description information.		http://id.loc.gov/ontologies/bibframe/Instance	rdfs:Literal		10000
http://id.loc.gov/ontologies/bibframe/subseriesEnumeration	property	http://id.loc.gov/ontologies/bibframe/subseriesEnumeration	Subseries enumeration	Indication of specific types of reviews that have been carried out on the description information.		http://id.loc.gov/ontologies/bibframe/Instance	rdfs:Literal		10000
http://id.loc.gov/ontologies/bibframe/preferredCitation	property	http://id.loc.gov/ontologies/bibframe/preferredCitation	Preferred citation	Used with Work or Instance			rdfs:Literal		10000
http://id.loc.gov/ontologies/bibframe/firstIssue	property	http://id.loc.gov/ontologies/bibframe/firstIssue	Multipart first issue	Used with Work or Instance			rdfs:Literal		10000
http://id.loc.gov/ontologies/bibframe/lastIssue	property	http://id.loc.gov/ontologies/bibframe/lastIssue	Multipart last issue	Used with Work or Instance			rdfs:Literal		10000
http://id.loc.gov/ontologies/bibframe/copyrightDate	property	http://id.loc.gov/ontologies/bibframe/copyrightDate	Copyright date	Used with Work or Instance	http://id.loc.gov/ontologies/bibframe/date		rdfs:Literal		10000
http://id.loc.gov/ontologies/bibframe/custodialHistory	property	http://id.loc.gov/ontologies/bibframe/custodialHistory	Custodial history	Used with Work, Instance or Item			rdfs:Literal		10000
http://id.loc.gov/ontologies/bibframe/acquisitionTerms	property	http://id.loc.gov/ontologies/bibframe/acquisitionTerms	Terms of acquisition	Used with Work or Instance			rdfs:Literal		10000
http://id.loc.gov/ontologies/bibframe/dimensions	property	http://id.loc.gov/ontologies/bibframe/dimensions	Dimensions	Indication of specific types of reviews that have been carried out on the description information.		http://id.loc.gov/ontologies/bibframe/Instance	rdfs:Literal		10000
http://id.loc.gov/ontologies/bibframe/physicalLocation	property	http://id.loc.gov/ontologies/bibframe/physicalLocation	Storing or shelving location	Indication of specific types of reviews that have been carried out on the description information.		http://id.loc.gov/ontologies/bibframe/Item	rdfs:Literal		10000
http://id.loc.gov/ontologies/bibframe/noteType	property	http://id.loc.gov/ontologies/bibframe/noteType	Note type	Indication of specific types of reviews that have been carried out on the description information.		http://id.loc.gov/ontologies/bibframe/Note	rdfs:Literal		10000
http://id.loc.gov/ontologies/bibframe/derivedFrom	property	http://id.loc.gov/ontologies/bibframe/derivedFrom	Source metadata	Indication of specific types of reviews that have been carried out on the description information.		http://id.loc.gov/ontologies/bibframe/AdminMetadata	rdfs:Literal		10000
http://id.loc.gov/ontologies/bibframe/changeDate	property	http://id.loc.gov/ontologies/bibframe/changeDate	Description change date	Indication of specific types of reviews that have been carried out on the description information.	http://id.loc.gov/ontologies/bibframe/date	http://id.loc.gov/ontologies/bibframe/AdminMetadata	rdfs:Literal		10000
http://id.loc.gov/ontologies/bibframe/creationDate	property	http://id.loc.gov/ontologies/bibframe/creationDate	Description creation date	Indication of specific types of reviews that have been carried out on the description information.	http://id.loc.gov/ontologies/bibframe/date	http://id.loc.gov/ontologies/bibframe/AdminMetadata	rdfs:Literal		10000
http://id.loc.gov/ontologies/bibframe/generationDate	property	http://id.loc.gov/ontologies/bibframe/generationDate	Date generated	Indication of specific types of reviews that have been carried out on the description information.	http://id.loc.gov/ontologies/bibframe/date	http://id.loc.gov/ontologies/bibframe/AdminMetadata	rdfs:Literal		10000
http://id.loc.gov/ontologies/bibframe/identifiedBy	property	http://id.loc.gov/ontologies/bibframe/identifiedBy	Identifier	Used with Unspecified			http://id.loc.gov/ontologies/bibframe/Identifier		10000
http://id.loc.gov/ontologies/bibframe/identifies	property	http://id.loc.gov/ontologies/bibframe/identifies	Resouce identified	Indication of specific types of reviews that have been carried out on the description information.		http://id.loc.gov/ontologies/bibframe/Identifier	rdfs:Resource	http://id.loc.gov/ontologies/bibframe/identifiedBy	10000
http://id.loc.gov/ontologies/bibframe/adminMetadata	property	http://id.loc.gov/ontologies/bibframe/adminMetadata	Administrative metadata	Used with Unspecified			http://id.loc.gov/ontologies/bibframe/AdminMetadata		10000
http://id.loc.gov/ontologies/bibframe/place	property	http://id.loc.gov/ontologies/bibframe/place	Place	Used with Unspecified			http://id.loc.gov/ontologies/bibframe/Place		10000
http://id.loc.gov/ontologies/bibframe/agent	property	http://id.loc.gov/ontologies/bibframe/agent	Associated agent	Used with Unspecified			http://id.loc.gov/ontologies/bibframe/Agent		10000
http://id.loc.gov/ontologies/bibframe/unit	property	http://id.loc.gov/ontologies/bibframe/unit	Type of unit	Used with Unspecified			http://id.loc.gov/ontologies/bibframe/Unit		10000
http://id.loc.gov/ontologies/bibframe/source	property	http://id.loc.gov/ontologies/bibframe/source	Source	Used with Unspecified			http://id.loc.gov/ontologies/bibframe/Source		10000
http://id.loc.gov/ontologies/bibframe/note	property	http://id.loc.gov/ontologies/bibframe/note	Note	Used with Unspecified			http://id.loc.gov/ontologies/bibframe/Note		10000
http://id.loc.gov/ontologies/bibframe/status	property	http://id.loc.gov/ontologies/bibframe/status	Status	Used with Unspecified			http://id.loc.gov/ontologies/bibframe/Status		10000
http://id.loc.gov/ontologies/bibframe/language	property	http://id.loc.gov/ontologies/bibframe/language	Language information	Used with Unspecified			http://id.loc.gov/ontologies/bibframe/Language		10000
http://id.loc.gov/ontologies/bibframe/content	property	http://id.loc.gov/ontologies/bibframe/content	Content type	Indication of specific types of reviews that have been carried out on the description information.		http://id.loc.gov/ontologies/bibframe/Work	http://id.loc.gov/ontologies/bibframe/Content		10000
http://id.loc.gov/ontologies/bibframe/media	property	http://id.loc.gov/ontologies/bibframe/media	Media type	Used with Work or Instance			http://id.loc.gov/ontologies/bibframe/Media		10000
http://id.loc.gov/ontologies/bibframe/carrier	property	http://id.loc.gov/ontologies/bibframe/carrier	Carrier type	Indication of specific types of reviews that have been carried out on the description information.		http://id.loc.gov/ontologies/bibframe/Instance	http://id.loc.gov/ontologies/bibframe/Carrier		10000
http://id.loc.gov/ontologies/bibframe/genreForm	property	http://id.loc.gov/ontologies/bibframe/genreForm	Genre/form	Used with Work, Instance or Item			http://id.loc.gov/ontologies/bibframe/GenreForm		10000
http://id.loc.gov/ontologies/bibframe/title	property	http://id.loc.gov/ontologies/bibframe/title	Title resource	Used with Work, Instance or Item			http://id.loc.gov/ontologies/bibframe/Title		10000
http://id.loc.gov/ontologies/bibframe/originPlace	property	http://id.loc.gov/ontologies/bibframe/originPlace	Associated title place	Indication of specific types of reviews that have been carried out on the description information.	http://id.loc.gov/ontologies/bibframe/place	http://id.loc.gov/ontologies/bibframe/Work	http://id.loc.gov/ontologies/bibframe/Place		10000
http://id.loc.gov/ontologies/bibframe/musicMedium	property	http://id.loc.gov/ontologies/bibframe/musicMedium	Music medium of performance	Indication of specific types of reviews that have been carried out on the description information.		http://id.loc.gov/ontologies/bibframe/Work	http://id.loc.gov/ontologies/bibframe/MusicMedium		10000
http://id.loc.gov/ontologies/bibframe/instrument	property	http://id.loc.gov/ontologies/bibframe/instrument	Instrument	Indication of specific types of reviews that have been carried out on the description information.		http://id.loc.gov/ontologies/bibframe/Work	http://id.loc.gov/ontologies/bibframe/MusicInstrument		10000
http://id.loc.gov/ontologies/bibframe/ensemble	property	http://id.loc.gov/ontologies/bibframe/ensemble	Ensemble	Indication of specific types of reviews that have been carried out on the description information.		http://id.loc.gov/ontologies/bibframe/Work	http://id.loc.gov/ontologies/bibframe/MusicEnsemble		10000
http://id.loc.gov/ontologies/bibframe/voice	property	http://id.loc.gov/ontologies/bibframe/voice	Voice	Indication of specific types of reviews that have been carried out on the description information.		http://id.loc.gov/ontologies/bibframe/Work	http://id.loc.gov/ontologies/bibframe/MusicVoice		10000
http://id.loc.gov/ontologies/bibframe/geographicCoverage	property	http://id.loc.gov/ontologies/bibframe/geographicCoverage	Geographic coverage	Indication of specific types of reviews that have been carried out on the description information.		http://id.loc.gov/ontologies/bibframe/Work	http://id.loc.gov/ontologies/bibframe/GeographicCoverage		10000
http://id.loc.gov/ontologies/bibframe/intendedAudience	property	http://id.loc.gov/ontologies/bibframe/intendedAudience	Intended audience	Used with Work or Instance			http://id.loc.gov/ontologies/bibframe/IntendedAudience		10000
http://id.loc.gov/ontologies/bibframe/arrangement	property	http://id.loc.gov/ontologies/bibframe/arrangement	Organization and arrangement	Used with Work or Instance			http://id.loc.gov/ontologies/bibframe/Arrangement		10000
http://id.loc.gov/ontologies/bibframe/dissertation	property	http://id.loc.gov/ontologies/bibframe/dissertation	Dissertation Information	Used with Work or Instance			http://id.loc.gov/ontologies/bibframe/Dissertation		10000
http://id.loc.gov/ontologies/bibframe/grantingInstitution	property	http://id.loc.gov/ontologies/bibframe/grantingInstitution	Degree issuing institution	Indication of specific types of reviews that have been carried out on the description information.		http://id.loc.gov/ontologies/bibframe/Dissertation	http://id.loc.gov/ontologies/bibframe/Agent		10000
http://id.loc.gov/ontologies/bibframe/summary	property	http://id.loc.gov/ontologies/bibframe/summary	Summary content	Used with Work or Instance			http://id.loc.gov/ontologies/bibframe/Summary		10000
http://id.loc.gov/ontologies/bibframe/capture	property	http://id.loc.gov/ontologies/bibframe/capture	Capture of content	Used with Work or Instance			http://id.loc.gov/ontologies/bibframe/Capture		10000
http://id.loc.gov/ontologies/bibframe/notation	property	http://id.loc.gov/ontologies/bibframe/notation	Notation system	Used with Work or Instance			http://id.loc.gov/ontologies/bibframe/Notation		10000
http://id.loc.gov/ontologies/bibframe/contentAccessibility	property	http://id.loc.gov/ontologies/bibframe/contentAccessibility	Content accessibility information	Used with Work or Instance			http://id.loc.gov/ontologies/bibframe/ContentAccessibility		10000
http://id.loc.gov/ontologies/bibframe/illustrativeContent	property	http://id.loc.gov/ontologies/bibframe/illustrativeContent	Illustrative content information	Used with Work or Instance			http://id.loc.gov/ontologies/bibframe/Illustration		10000
http://id.loc.gov/ontologies/bibframe/supplementaryContent	property	http://id.loc.gov/ontologies/bibframe/supplementaryContent	Supplementary material	Used with Work or Instance			http://id.loc.gov/ontologies/bibframe/SupplementaryContent		10000
http://id.loc.gov/ontologies/bibframe/colorContent	property	http://id.loc.gov/ontologies/bibframe/colorContent	Color content	Used with Work or Instance			http://id.loc.gov/ontologies/bibframe/ColorContent		10000
http://id.loc.gov/ontologies/bibframe/soundContent	property	http://id.loc.gov/ontologies/bibframe/soundContent	Sound content	Used with Work or Instance			http://id.loc.gov/ontologies/bibframe/SoundContent		10000
http://id.loc.gov/ontologies/bibframe/aspectRatio	property	http://id.loc.gov/ontologies/bibframe/aspectRatio	Aspect ratio	Used with Work or Instance			http://id.loc.gov/ontologies/bibframe/AspectRatio		10000
http://id.loc.gov/ontologies/bibframe/musicFormat	property	http://id.loc.gov/ontologies/bibframe/musicFormat	Format of notated music	Used with Work or Instance			http://id.loc.gov/ontologies/bibframe/MusicFormat		10000
http://id.loc.gov/ontologies/bibframe/scale	property	http://id.loc.gov/ontologies/bibframe/scale	Scale	Used with Work or Instance			http://id.loc.gov/ontologies/bibframe/Scale		10000
http://id.loc.gov/ontologies/bibframe/cartographicAttributes	property	http://id.loc.gov/ontologies/bibframe/cartographicAttributes	Cartographic data	Used with Work or Instance			http://id.loc.gov/ontologies/bibframe/Cartographic		10000
http://id.loc.gov/ontologies/bibframe/projection	property	http://id.loc.gov/ontologies/bibframe/projection	Cartographic projection	Indication of specific types of reviews that have been carried out on the description information.		http://id.loc.gov/ontologies/bibframe/Cartographic	http://id.loc.gov/ontologies/bibframe/Projection		10000
http://id.loc.gov/ontologies/bibframe/subject	property	http://id.loc.gov/ontologies/bibframe/subject	Subject	Used with Work, Instance or Item			rdfs:Resource		10000
http://id.loc.gov/ontologies/bibframe/classification	property	http://id.loc.gov/ontologies/bibframe/classification	Classification	Used with Work, Instance or Item			http://id.loc.gov/ontologies/bibframe/Classification		10000
http://id.loc.gov/ontologies/bibframe/frequency	property	http://id.loc.gov/ontologies/bibframe/frequency	Frequency	Used with Work or Instance			http://id.loc.gov/ontologies/bibframe/Frequency		10000
http://id.loc.gov/ontologies/bibframe/issuance	property	http://id.loc.gov/ontologies/bibframe/issuance	Mode of issuance	Used with Work or Instance			http://id.loc.gov/ontologies/bibframe/Issuance		10000
http://id.loc.gov/ontologies/bibframe/provisionActivity	property	http://id.loc.gov/ontologies/bibframe/provisionActivity	Provision activity	Indication of specific types of reviews that have been carried out on the description information.		http://id.loc.gov/ontologies/bibframe/Instance	http://id.loc.gov/ontologies/bibframe/ProvisionActivity		10000
http://id.loc.gov/ontologies/bibframe/acquisitionSource	property	http://id.loc.gov/ontologies/bibframe/acquisitionSource	Source of acquisition	Used with Work or Instance			http://id.loc.gov/ontologies/bibframe/AcquisitionSource		10000
http://id.loc.gov/ontologies/bibframe/copyrightRegistration	property	http://id.loc.gov/ontologies/bibframe/copyrightRegistration	Copyright registration information	Used with Work or Instance			http://id.loc.gov/ontologies/bibframe/CopyrightRegistration		10000
http://id.loc.gov/ontologies/bibframe/coverArt	property	http://id.loc.gov/ontologies/bibframe/coverArt	Cover art	Used with Work or Instance			http://id.loc.gov/ontologies/bibframe/CoverArt		10000
http://id.loc.gov/ontologies/bibframe/review	property	http://id.loc.gov/ontologies/bibframe/review	Review content	Used with Work or Instance			http://id.loc.gov/ontologies/bibframe/Review		10000
http://id.loc.gov/ontologies/bibframe/tableOfContents	property	http://id.loc.gov/ontologies/bibframe/tableOfContents	Table of contents content	Used with Work or Instance			http://id.loc.gov/ontologies/bibframe/TableOfContents		10000
http://id.loc.gov/ontologies/bibframe/extent	property	http://id.loc.gov/ontologies/bibframe/extent	Extent	Indication of specific types of reviews that have been carried out on the description information.		http://id.loc.gov/ontologies/bibframe/Instance	http://id.loc.gov/ontologies/bibframe/Extent		10000
http://id.loc.gov/ontologies/bibframe/baseMaterial	property	http://id.loc.gov/ontologies/bibframe/baseMaterial	Base material	Indication of specific types of reviews that have been carried out on the description information.		http://id.loc.gov/ontologies/bibframe/Instance	http://id.loc.gov/ontologies/bibframe/BaseMaterial		10000
http://id.loc.gov/ontologies/bibframe/appliedMaterial	property	http://id.loc.gov/ontologies/bibframe/appliedMaterial	Applied material	Indication of specific types of reviews that have been carried out on the description information.		http://id.loc.gov/ontologies/bibframe/Instance	http://id.loc.gov/ontologies/bibframe/AppliedMaterial		10000
http://id.loc.gov/ontologies/bibframe/emulsion	property	http://id.loc.gov/ontologies/bibframe/emulsion	Emulsion	Indication of specific types of reviews that have been carried out on the description information.		http://id.loc.gov/ontologies/bibframe/Instance	http://id.loc.gov/ontologies/bibframe/Emulsion		10000
http://id.loc.gov/ontologies/bibframe/mount	property	http://id.loc.gov/ontologies/bibframe/mount	Mount material	Indication of specific types of reviews that have been carried out on the description information.		http://id.loc.gov/ontologies/bibframe/Instance	http://id.loc.gov/ontologies/bibframe/Mount		10000
http://id.loc.gov/ontologies/bibframe/productionMethod	property	http://id.loc.gov/ontologies/bibframe/productionMethod	Production method	Indication of specific types of reviews that have been carried out on the description information.		http://id.loc.gov/ontologies/bibframe/Instance	http://id.loc.gov/ontologies/bibframe/ProductionMethod		10000
http://id.loc.gov/ontologies/bibframe/generation	property	http://id.loc.gov/ontologies/bibframe/generation	Generation	Indication of specific types of reviews that have been carried out on the description information.		http://id.loc.gov/ontologies/bibframe/Instance	http://id.loc.gov/ontologies/bibframe/Generation		10000
http://id.loc.gov/ontologies/bibframe/layout	property	http://id.loc.gov/ontologies/bibframe/layout	Layout	Indication of specific types of reviews that have been carried out on the description information.		http://id.loc.gov/ontologies/bibframe/Instance	http://id.loc.gov/ontologies/bibframe/Layout		10000
http://id.loc.gov/ontologies/bibframe/bookFormat	property	http://id.loc.gov/ontologies/bibframe/bookFormat	Book format	Indication of specific types of reviews that have been carried out on the description information.		http://id.loc.gov/ontologies/bibframe/Instance	http://id.loc.gov/ontologies/bibframe/BookFormat		10000
http://id.loc.gov/ontologies/bibframe/fontSize	property	http://id.loc.gov/ontologies/bibframe/fontSize	Font size	Indication of specific types of reviews that have been carried out on the description information.		http://id.loc.gov/ontologies/bibframe/Instance	http://id.loc.gov/ontologies/bibframe/FontSize		10000
http://id.loc.gov/ontologies/bibframe/polarity	property	http://id.loc.gov/ontologies/bibframe/polarity	Polarity	Indication of specific types of reviews that have been carried out on the description information.		http://id.loc.gov/ontologies/bibframe/Instance	http://id.loc.gov/ontologies/bibframe/Polarity		10000
http://id.loc.gov/ontologies/bibframe/reductionRatio	property	http://id.loc.gov/ontologies/bibframe/reductionRatio	Reduction ratio	Indication of specific types of reviews that have been carried out on the description information.		http://id.loc.gov/ontologies/bibframe/Instance	http://id.loc.gov/ontologies/bibframe/ReductionRatio		10000
http://id.loc.gov/ontologies/bibframe/soundCharacteristic	property	http://id.loc.gov/ontologies/bibframe/soundCharacteristic	Sound characteristic	Indication of specific types of reviews that have been carried out on the description information.		http://id.loc.gov/ontologies/bibframe/Instance	http://id.loc.gov/ontologies/bibframe/SoundCharacteristic		10000
http://id.loc.gov/ontologies/bibframe/projectionCharacteristic	property	http://id.loc.gov/ontologies/bibframe/projectionCharacteristic	Projection characteristic	Indication of specific types of reviews that have been carried out on the description information.		http://id.loc.gov/ontologies/bibframe/Instance	http://id.loc.gov/ontologies/bibframe/ProjectionCharacteristic		10000
http://id.loc.gov/ontologies/bibframe/videoCharacteristic	property	http://id.loc.gov/ontologies/bibframe/videoCharacteristic	Video characteristic	Indication of specific types of reviews that have been carried out on the description information.		http://id.loc.gov/ontologies/bibframe/Instance	http://id.loc.gov/ontologies/bibframe/VideoCharacteristic		10000
http://id.loc.gov/ontologies/bibframe/digitalCharacteristic	property	http://id.loc.gov/ontologies/bibframe/digitalCharacteristic	Digital characteristic	Indication of specific types of reviews that have been carried out on the description information.		http://id.loc.gov/ontologies/bibframe/Instance	http://id.loc.gov/ontologies/bibframe/DigitalCharacteristic		10000
http://id.loc.gov/ontologies/bibframe/systemRequirement	property	http://id.loc.gov/ontologies/bibframe/systemRequirement	Equipment or system requirements	Indication of specific types of reviews that have been carried out on the description information.		http://id.loc.gov/ontologies/bibframe/Instance	http://id.loc.gov/ontologies/bibframe/SystemRequirement		10000
http://id.loc.gov/ontologies/bibframe/enumerationAndChronology	property	http://id.loc.gov/ontologies/bibframe/enumerationAndChronology	Numbering or other enumeration and dates associated with issues or items held.	Indication of specific types of reviews that have been carried out on the description information.		http://id.loc.gov/ontologies/bibframe/Item	http://id.loc.gov/ontologies/bibframe/EnumerationAndChronology		10000
http://id.loc.gov/ontologies/bibframe/heldBy	property	http://id.loc.gov/ontologies/bibframe/heldBy	Held by	Indication of specific types of reviews that have been carried out on the description information.		http://id.loc.gov/ontologies/bibframe/Item	http://id.loc.gov/ontologies/bibframe/Agent		10000
http://id.loc.gov/ontologies/bibframe/sublocation	property	http://id.loc.gov/ontologies/bibframe/sublocation	Held in sublocation	Indication of specific types of reviews that have been carried out on the description information.		http://id.loc.gov/ontologies/bibframe/Item	http://id.loc.gov/ontologies/bibframe/Sublocation		10000
http://id.loc.gov/ontologies/bibframe/shelfMark	property	http://id.loc.gov/ontologies/bibframe/shelfMark	Shelf mark	Indication of specific types of reviews that have been carried out on the description information.		http://id.loc.gov/ontologies/bibframe/Item	http://id.loc.gov/ontologies/bibframe/ShelfMark		10000
http://id.loc.gov/ontologies/bibframe/electronicLocator	property	http://id.loc.gov/ontologies/bibframe/electronicLocator	Electronic location	Indication of specific types of reviews that have been carried out on the description information.		http://id.loc.gov/ontologies/bibframe/Item	rdfs:Resource		10000
http://id.loc.gov/ontologies/bibframe/usageAndAccessPolicy	property	http://id.loc.gov/ontologies/bibframe/usageAndAccessPolicy	Use and access condition	Used with Work, Instance or Item			http://id.loc.gov/ontologies/bibframe/UsageAndAccessPolicy		10000
http://id.loc.gov/ontologies/bibframe/immediateAcquisition	property	http://id.loc.gov/ontologies/bibframe/immediateAcquisition	Immediate acquisition	Indication of specific types of reviews that have been carried out on the description information.		http://id.loc.gov/ontologies/bibframe/Item	http://id.loc.gov/ontologies/bibframe/ImmediateAcquisition		10000
http://id.loc.gov/ontologies/bibframe/hasInstance	property	http://id.loc.gov/ontologies/bibframe/hasInstance	Instance of Work	Indication of specific types of reviews that have been carried out on the description information.	http://id.loc.gov/ontologies/bibframe/relatedTo	http://id.loc.gov/ontologies/bibframe/Work	http://id.loc.gov/ontologies/bibframe/Instance	http://id.loc.gov/ontologies/bibframe/instanceOf	10000
http://id.loc.gov/ontologies/bibframe/instanceOf	property	http://id.loc.gov/ontologies/bibframe/instanceOf	Instance of	Indication of specific types of reviews that have been carried out on the description information.	http://id.loc.gov/ontologies/bibframe/relatedTo	http://id.loc.gov/ontologies/bibframe/Instance	http://id.loc.gov/ontologies/bibframe/Work	http://id.loc.gov/ontologies/bibframe/hasInstance	10000
http://id.loc.gov/ontologies/bibframe/hasExpression	property	http://id.loc.gov/ontologies/bibframe/hasExpression	Expressed as	Indication of specific types of reviews that have been carried out on the description information.	http://id.loc.gov/ontologies/bibframe/relatedTo	http://id.loc.gov/ontologies/bibframe/Work	http://id.loc.gov/ontologies/bibframe/Work	http://id.loc.gov/ontologies/bibframe/expressionOf	10000
http://id.loc.gov/ontologies/bibframe/expressionOf	property	http://id.loc.gov/ontologies/bibframe/expressionOf	Expression of	Indication of specific types of reviews that have been carried out on the description information.	http://id.loc.gov/ontologies/bibframe/relatedTo	http://id.loc.gov/ontologies/bibframe/Work	http://id.loc.gov/ontologies/bibframe/Work	http://id.loc.gov/ontologies/bibframe/hasExpression	10000
http://id.loc.gov/ontologies/bibframe/itemOf	property	http://id.loc.gov/ontologies/bibframe/itemOf	Holding for	Indication of specific types of reviews that have been carried out on the description information.	http://id.loc.gov/ontologies/bibframe/relatedTo	http://id.loc.gov/ontologies/bibframe/Item	http://id.loc.gov/ontologies/bibframe/Instance	http://id.loc.gov/ontologies/bibframe/hasItem	10000
http://id.loc.gov/ontologies/bibframe/hasItem	property	http://id.loc.gov/ontologies/bibframe/hasItem	Has holding	Indication of specific types of reviews that have been carried out on the description information.	http://id.loc.gov/ontologies/bibframe/relatedTo	http://id.loc.gov/ontologies/bibframe/Instance	http://id.loc.gov/ontologies/bibframe/Item	http://id.loc.gov/ontologies/bibframe/itemOf	10000
http://id.loc.gov/ontologies/bibframe/eventContent	property	http://id.loc.gov/ontologies/bibframe/eventContent	Event content	Indication of specific types of reviews that have been carried out on the description information.	http://id.loc.gov/ontologies/bibframe/relatedTo	http://id.loc.gov/ontologies/bibframe/Event	http://id.loc.gov/ontologies/bibframe/Work	http://id.loc.gov/ontologies/bibframe/eventContentOf	10000
http://id.loc.gov/ontologies/bibframe/eventContentOf	property	http://id.loc.gov/ontologies/bibframe/eventContentOf	Has event content	Indication of specific types of reviews that have been carried out on the description information.	http://id.loc.gov/ontologies/bibframe/relatedTo	http://id.loc.gov/ontologies/bibframe/Work	http://id.loc.gov/ontologies/bibframe/Event	http://id.loc.gov/ontologies/bibframe/eventContent	10000
http://id.loc.gov/ontologies/bibframe/hasPart	property	http://id.loc.gov/ontologies/bibframe/hasPart	Has part	Used with Work, Instance or Item	http://id.loc.gov/ontologies/bibframe/relatedTo			http://id.loc.gov/ontologies/bibframe/partOf	10000
http://id.loc.gov/ontologies/bibframe/partOf	property	http://id.loc.gov/ontologies/bibframe/partOf	Is part of	Used with Work, Instance or Item	http://id.loc.gov/ontologies/bibframe/relatedTo			http://id.loc.gov/ontologies/bibframe/hasPart	10000
http://id.loc.gov/ontologies/bibframe/accompaniedBy	property	http://id.loc.gov/ontologies/bibframe/accompaniedBy	Accompanied by	Used with Work, Instance or Item	http://id.loc.gov/ontologies/bibframe/relatedTo			http://id.loc.gov/ontologies/bibframe/accompanies	10000
http://id.loc.gov/ontologies/bibframe/accompanies	property	http://id.loc.gov/ontologies/bibframe/accompanies	Accompanies	Used with Work, Instance or Item	http://id.loc.gov/ontologies/bibframe/relatedTo			http://id.loc.gov/ontologies/bibframe/accompaniedBy	10000
http://id.loc.gov/ontologies/bibframe/hasDerivative	property	http://id.loc.gov/ontologies/bibframe/hasDerivative	Has derivative	Used with Work or Instance	http://id.loc.gov/ontologies/bibframe/relatedTo			http://id.loc.gov/ontologies/bibframe/derivativeOf	10000
http://id.loc.gov/ontologies/bibframe/derivativeOf	property	http://id.loc.gov/ontologies/bibframe/derivativeOf	Is derivative of	Used with Work or Instance	http://id.loc.gov/ontologies/bibframe/relatedTo			http://id.loc.gov/ontologies/bibframe/hasDerivative	10000
http://id.loc.gov/ontologies/bibframe/precededBy	property	http://id.loc.gov/ontologies/bibframe/precededBy	Preceded by	Used with Work or Instance	http://id.loc.gov/ontologies/bibframe/relatedTo			http://id.loc.gov/ontologies/bibframe/succeededBy	10000
http://id.loc.gov/ontologies/bibframe/succeededBy	property	http://id.loc.gov/ontologies/bibframe/succeededBy	Succeeded by	Used with Work or Instance	http://id.loc.gov/ontologies/bibframe/relatedTo			http://id.loc.gov/ontologies/bibframe/precededBy	10000
http://id.loc.gov/ontologies/bibframe/references	property	http://id.loc.gov/ontologies/bibframe/references	References	Used with Work, Instance or Item	http://id.loc.gov/ontologies/bibframe/relatedTo			http://id.loc.gov/ontologies/bibframe/referencedBy	10000
http://id.loc.gov/ontologies/bibframe/referencedBy	property	http://id.loc.gov/ontologies/bibframe/referencedBy	Referenced by	Used with Work, Instance or Item	http://id.loc.gov/ontologies/bibframe/relatedTo			http://id.loc.gov/ontologies/bibframe/references	10000
http://id.loc.gov/ontologies/bibframe/hasReproduction	property	http://id.loc.gov/ontologies/bibframe/hasReproduction	Reproduced as	Indication of specific types of reviews that have been carried out on the description information.	http://id.loc.gov/ontologies/bibframe/hasEquivalent	http://id.loc.gov/ontologies/bibframe/Instance	http://id.loc.gov/ontologies/bibframe/Instance	http://id.loc.gov/ontologies/bibframe/reproductionOf	10000
http://id.loc.gov/ontologies/bibframe/reproductionOf	property	http://id.loc.gov/ontologies/bibframe/reproductionOf	Reproduction of	Indication of specific types of reviews that have been carried out on the description information.	http://id.loc.gov/ontologies/bibframe/hasEquivalent	http://id.loc.gov/ontologies/bibframe/Instance	http://id.loc.gov/ontologies/bibframe/Instance	http://id.loc.gov/ontologies/bibframe/hasReproduction	10000
http://id.loc.gov/ontologies/bibframe/dataSource	property	http://id.loc.gov/ontologies/bibframe/dataSource	Data source	Used with Work or Instance	http://id.loc.gov/ontologies/bibframe/relatedTo				10000
http://id.loc.gov/ontologies/bibframe/hasSeries	property	http://id.loc.gov/ontologies/bibframe/hasSeries	In series	Used with Work or Instance	http://id.loc.gov/ontologies/bibframe/partOf			http://id.loc.gov/ontologies/bibframe/seriesOf	10000
http://id.loc.gov/ontologies/bibframe/seriesOf	property	http://id.loc.gov/ontologies/bibframe/seriesOf	Series container of	Used with Work or Instance	http://id.loc.gov/ontologies/bibframe/hasPart			http://id.loc.gov/ontologies/bibframe/hasSeries	10000
http://id.loc.gov/ontologies/bibframe/hasSubseries	property	http://id.loc.gov/ontologies/bibframe/hasSubseries	Subseries	Used with Work or Instance	http://id.loc.gov/ontologies/bibframe/partOf			http://id.loc.gov/ontologies/bibframe/subseriesOf	10000
http://id.loc.gov/ontologies/bibframe/subseriesOf	property	http://id.loc.gov/ontologies/bibframe/subseriesOf	Subseries of	Used with Work or Instance	http://id.loc.gov/ontologies/bibframe/hasPart			http://id.loc.gov/ontologies/bibframe/hasSubseries	10000
http://id.loc.gov/ontologies/bibframe/supplement	property	http://id.loc.gov/ontologies/bibframe/supplement	Supplement	Used with Work or Instance	http://id.loc.gov/ontologies/bibframe/accompaniedBy			http://id.loc.gov/ontologies/bibframe/supplementTo	10000
http://id.loc.gov/ontologies/bibframe/supplementTo	property	http://id.loc.gov/ontologies/bibframe/supplementTo	Supplement to	Used with Work or Instance	http://id.loc.gov/ontologies/bibframe/accompanies			http://id.loc.gov/ontologies/bibframe/supplement	10000
http://id.loc.gov/ontologies/bibframe/translation	property	http://id.loc.gov/ontologies/bibframe/translation	Translation as	Used with Work or Instance	http://id.loc.gov/ontologies/bibframe/hasDerivative			http://id.loc.gov/ontologies/bibframe/translationOf	10000
http://id.loc.gov/ontologies/bibframe/translationOf	property	http://id.loc.gov/ontologies/bibframe/translationOf	Translation of	Used with Work or Instance	http://id.loc.gov/ontologies/bibframe/derivativeOf			http://id.loc.gov/ontologies/bibframe/translation	10000
http://id.loc.gov/ontologies/bibframe/originalVersion	property	http://id.loc.gov/ontologies/bibframe/originalVersion	Original version	Used with Work or Instance	http://id.loc.gov/ontologies/bibframe/derivativeOf			http://id.loc.gov/ontologies/bibframe/originalVersionOf	10000
http://id.loc.gov/ontologies/bibframe/originalVersionOf	property	http://id.loc.gov/ontologies/bibframe/originalVersionOf	Original version of	Used with Work or Instance	http://id.loc.gov/ontologies/bibframe/hasDerivative			http://id.loc.gov/ontologies/bibframe/originalVersion	10000
http://id.loc.gov/ontologies/bibframe/index	property	http://id.loc.gov/ontologies/bibframe/index	Has index	Used with Work or Instance	http://id.loc.gov/ontologies/bibframe/accompaniedBy			http://id.loc.gov/ontologies/bibframe/indexOf	10000
http://id.loc.gov/ontologies/bibframe/indexOf	property	http://id.loc.gov/ontologies/bibframe/indexOf	Index to	Used with Work or Instance	http://id.loc.gov/ontologies/bibframe/accompanies			http://id.loc.gov/ontologies/bibframe/index	10000
http://id.loc.gov/ontologies/bibframe/findingAid	property	http://id.loc.gov/ontologies/bibframe/findingAid	Finding aid	Used with Work or Instance	http://id.loc.gov/ontologies/bibframe/accompaniedBy			http://id.loc.gov/ontologies/bibframe/findingAidOf	10000
http://id.loc.gov/ontologies/bibframe/findingAidOf	property	http://id.loc.gov/ontologies/bibframe/findingAidOf	Finding aid for	Used with Work or Instance	http://id.loc.gov/ontologies/bibframe/accompanies			http://id.loc.gov/ontologies/bibframe/findingAid	10000
http://id.loc.gov/ontologies/bibframe/separatedFrom	property	http://id.loc.gov/ontologies/bibframe/separatedFrom	Separated from	Used with Work or Instance	http://id.loc.gov/ontologies/bibframe/precededBy			http://id.loc.gov/ontologies/bibframe/continuedInPartBy	10000
http://id.loc.gov/ontologies/bibframe/splitInto	property	http://id.loc.gov/ontologies/bibframe/splitInto	Split into	Used with Work or Instance	http://id.loc.gov/ontologies/bibframe/succeededBy			http://id.loc.gov/ontologies/bibframe/continuesInPart	10000
http://id.loc.gov/ontologies/bibframe/replacementOf	property	http://id.loc.gov/ontologies/bibframe/replacementOf	Preceded by	Used with Work or Instance	http://id.loc.gov/ontologies/bibframe/precededBy			http://id.loc.gov/ontologies/bibframe/replacedBy	10000
http://id.loc.gov/ontologies/bibframe/replacedBy	property	http://id.loc.gov/ontologies/bibframe/replacedBy	Succeeded by	Used with Work or Instance	http://id.loc.gov/ontologies/bibframe/succeededBy			http://id.loc.gov/ontologies/bibframe/replacementOf	10000
http://id.loc.gov/ontologies/bibframe/mergerOf	property	http://id.loc.gov/ontologies/bibframe/mergerOf	Merger of	Used with Work or Instance	http://id.loc.gov/ontologies/bibframe/precededBy			http://id.loc.gov/ontologies/bibframe/mergedToForm	10000
http://id.loc.gov/ontologies/bibframe/mergedToForm	property	http://id.loc.gov/ontologies/bibframe/mergedToForm	Merged to form	Used with Work or Instance	http://id.loc.gov/ontologies/bibframe/succeededBy			http://id.loc.gov/ontologies/bibframe/mergerOf	10000
http://id.loc.gov/ontologies/bibframe/continues	property	http://id.loc.gov/ontologies/bibframe/continues	Continuation of	Used with Work or Instance	http://id.loc.gov/ontologies/bibframe/precededBy			http://id.loc.gov/ontologies/bibframe/continuedBy	10000
http://id.loc.gov/ontologies/bibframe/continuesInPart	property	http://id.loc.gov/ontologies/bibframe/continuesInPart	Continuation in part of	Used with Work or Instance	http://id.loc.gov/ontologies/bibframe/precededBy			http://id.loc.gov/ontologies/bibframe/splitInto	10000
http://id.loc.gov/ontologies/bibframe/absorbed	property	http://id.loc.gov/ontologies/bibframe/absorbed	Absorption of	Used with Work or Instance	http://id.loc.gov/ontologies/bibframe/precededBy			http://id.loc.gov/ontologies/bibframe/absorbedBy	10000
http://id.loc.gov/ontologies/bibframe/absorbedBy	property	http://id.loc.gov/ontologies/bibframe/absorbedBy	Absorbed by	Used with Work or Instance	http://id.loc.gov/ontologies/bibframe/succeededBy			http://id.loc.gov/ontologies/bibframe/absorbed	10000
http://id.loc.gov/ontologies/bibframe/continuedBy	property	http://id.loc.gov/ontologies/bibframe/continuedBy	Continued by	Used with Work or Instance	http://id.loc.gov/ontologies/bibframe/succeededBy			http://id.loc.gov/ontologies/bibframe/continues	10000
http://id.loc.gov/ontologies/bibframe/continuedInPartBy	property	http://id.loc.gov/ontologies/bibframe/continuedInPartBy	Continued in part by	Used with Work or Instance	http://id.loc.gov/ontologies/bibframe/succeededBy			http://id.loc.gov/ontologies/bibframe/separatedFrom	10000
http://id.loc.gov/ontologies/bibframe/contribution	property	http://id.loc.gov/ontologies/bibframe/contribution	Contributor and role	Used with Work, Instance or Item			http://id.loc.gov/ontologies/bibframe/Contribution		10000
http://id.loc.gov/ontologies/bibframe/role	property	http://id.loc.gov/ontologies/bibframe/role	Contributor role	Indication of specific types of reviews that have been carried out on the description information.		http://id.loc.gov/ontologies/bibframe/Contribution	http://id.loc.gov/ontologies/bibframe/Role		10000
http://id.loc.gov/ontologies/bibframe/assigner	property	http://id.loc.gov/ontologies/bibframe/assigner	Assigner	Indication of specific types of reviews that have been carried out on the description information.		http://id.loc.gov/ontologies/bibframe/AdminMetadata	http://id.loc.gov/ontologies/bibframe/Agent		10000
http://id.loc.gov/ontologies/bibframe/descriptionConventions	property	http://id.loc.gov/ontologies/bibframe/descriptionConventions	Description conventions	Indication of specific types of reviews that have been carried out on the description information.		http://id.loc.gov/ontologies/bibframe/AdminMetadata	http://id.loc.gov/ontologies/bibframe/DescriptionConventions		10000
http://id.loc.gov/ontologies/bibframe/descriptionLanguage	property	http://id.loc.gov/ontologies/bibframe/descriptionLanguage	Description language	Indication of specific types of reviews that have been carried out on the description information.		http://id.loc.gov/ontologies/bibframe/AdminMetadata	http://id.loc.gov/ontologies/bibframe/Language		10000
http://id.loc.gov/ontologies/bibframe/generationProcess	property	http://id.loc.gov/ontologies/bibframe/generationProcess	Description generation	Indication of specific types of reviews that have been carried out on the description information.		http://id.loc.gov/ontologies/bibframe/AdminMetadata	http://id.loc.gov/ontologies/bibframe/GenerationProcess		10000
http://id.loc.gov/ontologies/bibframe/descriptionModifier	property	http://id.loc.gov/ontologies/bibframe/descriptionModifier	Description modifier	Indication of specific types of reviews that have been carried out on the description information.		http://id.loc.gov/ontologies/bibframe/AdminMetadata	http://id.loc.gov/ontologies/bibframe/Agent		10000
http://id.loc.gov/ontologies/bibframe/descriptionAuthentication	property	http://id.loc.gov/ontologies/bibframe/descriptionAuthentication	Description authentication	Indication of specific types of reviews that have been carried out on the description information.		http://id.loc.gov/ontologies/bibframe/AdminMetadata	http://id.loc.gov/ontologies/bibframe/DescriptionAuthentication		10000